host,port,issuer,exposure,environment,status,serial
svc-0001.entrust-issued.example.com,443,Entrust,public,dev,replaced,0x7c:f7:e1:b8:56:9e:64:5e:b3:ce
svc-0002.entrust-issued.example.com,443,Entrust,internal,production,replaced,0x07:33:9f:d2:08:c9:34:45:b0:e5
svc-0003.entrust-issued.example.com,443,Entrust,public,production,replaced,0x9e:c0:fc:99:65:74:7e:23:f2:d2
svc-0004.entrust-issued.example.com,443,Entrust,internal,dev,replaced,0xc4:94:92:28:1e:64:ad:f4:36:86
svc-0005.entrust-issued.example.com,443,Entrust,internal,production,replaced,0x4e:7f:53:88:76:78:f4:e8:42:01
svc-0006.entrust-issued.example.com,443,Entrust,public,production,replaced,0xb9:05:7a:00:6b:bf:5c:4a:ff:fb
svc-0007.entrust-issued.example.com,443,Entrust,public,production,replaced,0xc3:34:7a:6d:32:7b:4e:03:84:88
svc-0008.entrust-issued.example.com,443,Entrust,internal,staging,replaced,0x05:c7:cd:e2:6f:32:26:6b:13:e9
svc-0009.entrust-issued.example.com,443,Entrust,public,production,replaced,0xa8:6d:cc:0b:8c:c1:60:e1:0d:88
svc-0010.entrust-issued.example.com,443,Entrust,internal,dev,replaced,0xc5:48:46:56:ad:02:47:29:61:d7
svc-0011.entrust-issued.example.com,443,Entrust,public,dev,replaced,0x25:f6:ff:9e:2d:21:61:ec:07:d3
svc-0012.entrust-issued.example.com,443,Entrust,public,production,replaced,0x34:30:10:4e:d4:6c:35:d8:34:d3
svc-0013.entrust-issued.example.com,443,Entrust,internal,dev,replaced,0x51:7e:83:8b:a6:cc:23:ad:d9:7d
svc-0014.entrust-issued.example.com,443,Entrust,public,production,replaced,0x47:a3:63:3c:6d:48:3c:ad:6d:e9
svc-0015.entrust-issued.example.com,443,Entrust,public,staging,replaced,0x77:72:b1:39:c8:ca:f6:c8:20:91
svc-0016.entrust-issued.example.com,443,Entrust,public,staging,replaced,0x41:32:5b:bd:d4:15:a3:9a:97:97
svc-0017.entrust-issued.example.com,443,Entrust,internal,production,replaced,0xbd:6f:bf:8f:0b:f0:94:86:26:fa
svc-0018.entrust-issued.example.com,443,Entrust,internal,production,replaced,0x7a:5c:32:42:05:a4:36:a7:7d:e3
svc-0019.entrust-issued.example.com,443,Entrust,public,dev,replaced,0x6d:88:b9:3c:5a:c9:7c:2d:3a:87
svc-0020.entrust-issued.example.com,443,Entrust,internal,production,replaced,0xa4:4d:5f:7a:96:fb:7a:44:ec:80
svc-0021.entrust-issued.example.com,443,Entrust,internal,staging,replaced,0x69:a9:2b:81:03:c6:12:be:00:5b
svc-0022.entrust-issued.example.com,443,Entrust,public,production,replaced,0x96:d1:3e:2b:1a:a9:b5:49:d5:15
svc-0023.entrust-issued.example.com,443,Entrust,public,staging,replaced,0xdd:84:b9:91:89:90:0b:02:ef:4b
svc-0024.entrust-issued.example.com,443,Entrust,internal,production,replaced,0x1f:0c:4a:a4:c4:4c:e3:55:d0:db
svc-0025.entrust-issued.example.com,443,Entrust,internal,staging,replaced,0xd2:92:d7:f7:d2:a7:51:78:be:01
svc-0026.entrust-issued.example.com,443,Entrust,internal,dev,replaced,0x84:ae:b0:24:1d:e6:bf:c0:57:ae
svc-0027.entrust-issued.example.com,443,Entrust,public,staging,replaced,0xba:88:88:ec:aa:00:e2:78:32:45
svc-0028.entrust-issued.example.com,443,Entrust,internal,staging,replaced,0x6d:56:2b:62:6e:58:f6:95:2d:ed
svc-0029.entrust-issued.example.com,443,Entrust,internal,staging,replaced,0x7d:45:1c:d8:f3:29:59:78:ca:5b
svc-0030.entrust-issued.example.com,443,Entrust,public,dev,replaced,0xa9:60:36:5e:8f:5d:32:be:fd:d6
svc-0031.entrust-issued.example.com,443,Entrust,public,production,replaced,0x03:af:05:11:f2:1f:6b:a7:ae:c1
svc-0032.entrust-issued.example.com,443,Entrust,internal,production,replaced,0x43:dd:05:dd:20:db:17:ce:0c:28
svc-0033.entrust-issued.example.com,443,Entrust,public,production,replaced,0x92:eb:56:ff:40:60:4b:a1:3b:91
svc-0034.entrust-issued.example.com,443,Entrust,internal,production,replaced,0x59:bf:55:7a:33:00:2a:2e:4b:05
svc-0035.entrust-issued.example.com,443,Entrust,public,production,replaced,0x44:d3:8f:e5:16:9d:08:94:12:c5
svc-0036.entrust-issued.example.com,443,Entrust,internal,dev,replaced,0xd8:82:cd:ce:ad:ba:58:88:01:c0
svc-0037.entrust-issued.example.com,443,Entrust,public,staging,replaced,0x85:aa:42:83:e5:e0:b0:32:5d:69
svc-0038.entrust-issued.example.com,443,Entrust,public,staging,replaced,0x39:6a:b1:b9:fc:06:12:5c:7b:b0
svc-0039.entrust-issued.example.com,443,Entrust,public,production,replaced,0x5f:1e:69:39:a2:31:91:96:ef:47
svc-0040.entrust-issued.example.com,443,Entrust,internal,production,replaced,0xc6:21:02:69:d4:74:fe:13:56:4f
svc-0041.entrust-issued.example.com,443,Entrust,internal,staging,replaced,0x82:aa:69:1f:64:70:6f:22:1c:7d
svc-0042.entrust-issued.example.com,443,Entrust,internal,staging,replaced,0x68:3a:f5:a6:f8:0e:e3:32:14:ba
svc-0043.entrust-issued.example.com,443,Entrust,internal,production,replaced,0xe5:00:9d:6c:8e:98:b2:d2:e8:4d
svc-0044.entrust-issued.example.com,443,Entrust,public,production,replaced,0x89:d3:34:22:cc:ed:62:20:6e:9a
svc-0045.entrust-issued.example.com,443,Entrust,public,production,replaced,0x6e:03:12:e3:26:ce:c9:0c:f7:36
svc-0046.entrust-issued.example.com,443,Entrust,public,dev,replaced,0x80:ad:2b:c5:05:03:a1:dd:6a:a9
svc-0047.entrust-issued.example.com,443,Entrust,internal,production,replaced,0x5f:25:44:73:12:d3:65:91:93:3a
svc-0048.entrust-issued.example.com,443,Entrust,public,production,replaced,0x02:c6:d5:d0:09:c0:65:e6:55:ae
svc-0049.entrust-issued.example.com,443,Entrust,internal,production,replaced,0x5f:e9:3a:c3:84:e8:80:20:a3:fd
svc-0050.entrust-issued.example.com,443,Entrust,public,production,replaced,0x6b:8c:71:a5:ad:96:40:a7:60:74
svc-0051.entrust-issued.example.com,443,Entrust,public,dev,replaced,0x7d:a7:bb:f7:3a:5f:b8:7a:3b:cf
svc-0052.entrust-issued.example.com,443,Entrust,public,dev,replaced,0x05:cd:82:68:0e:15:f5:de:0b:9a
svc-0053.entrust-issued.example.com,443,Entrust,internal,production,replaced,0xea:73:41:16:90:86:84:69:cb:87
svc-0054.entrust-issued.example.com,443,Entrust,internal,production,replaced,0xf6:fa:23:55:e6:0f:e6:85:7b:01
svc-0055.entrust-issued.example.com,443,Entrust,internal,dev,replaced,0xa5:03:d2:41:f4:fb:68:7a:5c:d1
svc-0056.entrust-issued.example.com,443,Entrust,internal,production,replaced,0x52:42:79:b8:fc:04:17:fe:e2:d2
svc-0057.entrust-issued.example.com,443,Entrust,internal,production,replaced,0x8c:08:4b:49:4a:87:7c:07:5b:c6
svc-0058.entrust-issued.example.com,443,Entrust,public,production,replaced,0xcc:25:8c:4e:b9:b4:ee:ac:0c:e5
svc-0059.entrust-issued.example.com,443,Entrust,public,dev,replaced,0x44:e6:19:67:7a:2d:31:60:b1:07
svc-0060.entrust-issued.example.com,443,Entrust,internal,production,replaced,0x32:bc:f2:36:27:1c:37:52:4c:20
svc-0061.entrust-issued.example.com,443,Entrust,public,production,replaced,0xeb:a4:cc:45:10:98:2a:75:29:ed
svc-0062.entrust-issued.example.com,443,Entrust,internal,production,replaced,0x49:89:06:9a:74:89:ca:64:07:6c
svc-0063.entrust-issued.example.com,443,Entrust,public,dev,replaced,0x93:35:50:c5:7f:5a:fc:19:64:e8
svc-0064.entrust-issued.example.com,443,Entrust,internal,production,replaced,0xf1:8c:d7:36:8b:4a:f5:0e:5f:e8
svc-0065.entrust-issued.example.com,443,Entrust,public,production,replaced,0x0c:52:ed:32:4b:a0:55:fe:ca:57
svc-0066.entrust-issued.example.com,443,Entrust,internal,production,replaced,0x9b:bd:bf:0a:2b:42:94:45:ab:7c
svc-0067.entrust-issued.example.com,443,Entrust,internal,production,replaced,0xa2:b4:60:f7:8d:27:df:53:52:dc
svc-0068.entrust-issued.example.com,443,Entrust,internal,dev,replaced,0xe9:8f:f1:00:1b:29:b0:5a:17:29
svc-0069.entrust-issued.example.com,443,Entrust,public,production,replaced,0xe2:8a:93:d5:15:f6:97:7b:80:87
svc-0070.entrust-issued.example.com,443,Entrust,public,production,replaced,0x50:c5:a6:57:e4:2c:68:b7:34:23
svc-0071.entrust-issued.example.com,443,Entrust,public,dev,replaced,0x83:74:6b:c2:e8:b8:f8:fd:5e:3f
svc-0072.entrust-issued.example.com,443,Entrust,internal,production,replaced,0x86:79:ed:65:88:ec:2a:0e:08:74
svc-0073.entrust-issued.example.com,443,Entrust,internal,production,replaced,0x6e:cc:65:8e:09:ed:42:5f:6c:e2
svc-0074.entrust-issued.example.com,443,Entrust,public,production,replaced,0xe9:74:6e:53:5f:37:2e:5c:d2:33
svc-0075.entrust-issued.example.com,443,Entrust,internal,production,replaced,0xa6:af:fb:c8:16:71:1d:7e:97:cf
svc-0076.entrust-issued.example.com,443,Entrust,public,production,replaced,0x02:d0:69:40:e0:43:3c:40:69:cb
svc-0077.entrust-issued.example.com,443,Entrust,internal,production,replaced,0x47:3c:d0:7e:0a:a5:71:e6:cc:35
svc-0078.entrust-issued.example.com,443,Entrust,internal,production,replaced,0x21:10:f4:51:10:0f:8a:49:0c:97
svc-0079.entrust-issued.example.com,443,Entrust,internal,dev,replaced,0x41:10:49:36:f0:ac:b0:8e:93:b4
svc-0080.entrust-issued.example.com,443,Entrust,public,staging,replaced,0x5a:49:fd:e4:73:30:ff:82:35:59
svc-0081.entrust-issued.example.com,443,Entrust,public,staging,replaced,0x5d:db:28:5f:82:7d:29:e2:71:4c
svc-0082.entrust-issued.example.com,443,Entrust,public,production,replaced,0x03:0f:98:3f:63:72:17:2a:55:7e
svc-0083.entrust-issued.example.com,443,Entrust,internal,staging,replaced,0x22:ad:95:13:37:f1:5e:23:e2:75
svc-0084.entrust-issued.example.com,443,Entrust,internal,dev,replaced,0xbf:8f:53:5e:b6:8a:19:8f:4c:ae
svc-0085.entrust-issued.example.com,443,Entrust,internal,production,replaced,0x6d:d1:c7:52:a0:c9:18:73:11:20
svc-0086.entrust-issued.example.com,443,Entrust,public,production,replaced,0x33:21:e9:55:97:e2:57:ff:43:af
svc-0087.entrust-issued.example.com,443,Entrust,public,production,replaced,0x73:0e:e1:58:7d:5e:20:13:53:6e
svc-0088.entrust-issued.example.com,443,Entrust,public,production,replaced,0xe8:cf:5b:d6:53:80:db:2b:59:e8
svc-0089.entrust-issued.example.com,443,Entrust,public,dev,replaced,0x5d:c9:6b:45:19:0c:40:16:d6:91
svc-0090.entrust-issued.example.com,443,Entrust,internal,dev,replaced,0x3d:ed:47:bf:cb:89:ff:f4:6a:f5
svc-0091.entrust-issued.example.com,443,Entrust,public,production,replaced,0xef:b2:b2:e1:ae:99:7d:22:bf:9a
svc-0092.entrust-issued.example.com,443,Entrust,internal,production,replaced,0x4c:13:45:cb:a6:0e:03:ae:dd:5e
svc-0093.entrust-issued.example.com,443,Entrust,public,production,replaced,0x48:ee:66:87:55:ce:0d:16:18:9d
svc-0094.entrust-issued.example.com,443,Entrust,internal,production,replaced,0xcb:8a:72:2e:9e:48:c4:02:7c:fe
svc-0095.entrust-issued.example.com,443,Entrust,internal,dev,replaced,0xa9:0c:2e:d6:7a:f8:be:ba:df:a5
svc-0096.entrust-issued.example.com,443,Entrust,public,production,replaced,0x3c:5b:a3:fd:24:c0:79:19:cb:28
svc-0097.entrust-issued.example.com,443,Entrust,public,production,replaced,0xf2:db:83:bb:60:7a:d5:74:ad:0e
svc-0098.entrust-issued.example.com,443,Entrust,internal,staging,replaced,0x9f:6f:7a:fe:17:10:54:75:e7:35
svc-0099.entrust-issued.example.com,443,Entrust,public,dev,replaced,0x9a:63:4d:df:e3:6d:87:fb:7d:b3
svc-0100.entrust-issued.example.com,443,Entrust,public,production,replaced,0xf5:77:9e:37:5f:61:12:4c:c2:64
svc-0101.entrust-issued.example.com,443,Entrust,public,dev,replaced,0x33:be:60:69:39:c0:ea:74:b8:41
svc-0102.entrust-issued.example.com,443,Entrust,public,production,replaced,0x61:88:de:89:ed:07:81:88:d2:59
svc-0103.entrust-issued.example.com,443,Entrust,internal,staging,replaced,0xf9:61:f1:93:b9:30:59:87:a3:c6
svc-0104.entrust-issued.example.com,443,Entrust,internal,production,replaced,0x82:7b:3a:17:b5:f3:73:61:51:8b
svc-0105.entrust-issued.example.com,443,Entrust,internal,dev,replaced,0x00:7b:10:31:15:cc:aa:36:49:88
svc-0106.entrust-issued.example.com,443,Entrust,public,dev,replaced,0x7a:5e:33:77:9d:0a:e6:d9:5d:b3
svc-0107.entrust-issued.example.com,443,Entrust,public,production,replaced,0xda:7e:a8:50:4e:e2:59:d4:3f:8e
svc-0108.entrust-issued.example.com,443,Entrust,internal,production,replaced,0x92:d8:77:17:e1:ec:02:0b:8c:8b
svc-0109.entrust-issued.example.com,443,Entrust,public,dev,replaced,0x29:19:df:eb:36:4f:7a:7f:1a:f5
svc-0110.entrust-issued.example.com,443,Entrust,internal,production,replaced,0x95:ca:79:6f:0c:a8:16:d6:02:36
svc-0111.entrust-issued.example.com,443,Entrust,internal,dev,replaced,0x99:37:76:68:a4:09:a5:d5:bc:a6
svc-0112.entrust-issued.example.com,443,Entrust,internal,production,replaced,0x57:dc:a6:2b:71:f9:8f:b5:28:44
svc-0113.entrust-issued.example.com,443,Entrust,public,production,replaced,0x8b:84:95:ae:cf:2a:3a:ab:3c:97
svc-0114.entrust-issued.example.com,443,Entrust,internal,production,replaced,0x01:40:eb:67:44:51:35:bc:22:8b
svc-0115.entrust-issued.example.com,443,Entrust,public,production,replaced,0xa2:ae:f9:87:9b:aa:60:ae:95:e3
svc-0116.entrust-issued.example.com,443,Entrust,public,dev,replaced,0xb9:e8:37:9d:ad:c4:67:33:7a:06
svc-0117.entrust-issued.example.com,443,Entrust,public,dev,replaced,0x07:73:cd:3b:a4:23:ed:b4:17:3c
svc-0118.entrust-issued.example.com,443,Entrust,internal,production,replaced,0xbb:ed:a3:30:69:2e:1e:f6:59:51
svc-0119.entrust-issued.example.com,443,Entrust,public,dev,replaced,0x36:f7:a9:ea:46:65:57:ee:7f:9b
svc-0120.entrust-issued.example.com,443,Entrust,public,production,replaced,0x93:e0:d5:f8:ba:b7:53:d1:92:48
svc-0121.entrust-issued.example.com,443,Entrust,public,production,replaced,0xa7:8e:d1:56:72:45:d1:91:c6:39
svc-0122.entrust-issued.example.com,443,Entrust,internal,production,replaced,0xa9:62:1a:6b:8a:41:1f:02:21:90
svc-0123.entrust-issued.example.com,443,Entrust,internal,production,replaced,0xe5:85:c8:2e:1a:38:c7:c8:9e:a3
svc-0124.entrust-issued.example.com,443,Entrust,internal,production,replaced,0x9b:f2:39:32:9d:85:ed:6d:e9:88
svc-0125.entrust-issued.example.com,443,Entrust,public,production,replaced,0x40:0e:30:1d:de:d3:20:08:5e:e1
svc-0126.entrust-issued.example.com,443,Entrust,internal,production,replaced,0x19:32:24:e1:56:4a:20:3e:a7:ba
svc-0127.entrust-issued.example.com,443,Entrust,internal,dev,replaced,0x18:b9:4a:d9:d9:1f:ef:04:8f:d0
svc-0128.entrust-issued.example.com,443,Entrust,public,production,replaced,0x8b:ed:71:29:7b:b7:50:67:cb:ce
svc-0129.entrust-issued.example.com,443,Entrust,public,production,replaced,0x72:f5:5d:fd:d2:00:56:d9:d6:ea
svc-0130.entrust-issued.example.com,443,Entrust,internal,production,replaced,0x7e:a9:48:e6:5d:40:68:6b:7c:a2
svc-0131.entrust-issued.example.com,443,Entrust,public,production,replaced,0x7f:7a:b6:31:b7:db:bc:30:68:0a
svc-0132.entrust-issued.example.com,443,Entrust,public,dev,replaced,0x51:0e:11:4c:35:a1:89:24:0a:fd
svc-0133.entrust-issued.example.com,443,Entrust,internal,production,replaced,0x31:9e:d6:9d:44:82:1d:de:d5:45
svc-0134.entrust-issued.example.com,443,Entrust,public,production,replaced,0x3f:b4:c4:b4:45:90:5c:d6:f4:35
svc-0135.entrust-issued.example.com,443,Entrust,public,production,replaced,0x7a:44:d4:7a:92:8e:53:e3:da:5f
svc-0136.entrust-issued.example.com,443,Entrust,public,production,replaced,0xfe:57:1b:9d:f5:1a:13:18:59:81
svc-0137.entrust-issued.example.com,443,Entrust,public,staging,replaced,0xaa:2b:59:d2:43:94:48:9f:fb:70
svc-0138.entrust-issued.example.com,443,Entrust,internal,production,replaced,0xea:8e:c7:39:82:90:fc:0b:07:6f
svc-0139.entrust-issued.example.com,443,Entrust,internal,production,replaced,0xf5:0f:58:f9:33:ec:5d:ad:50:d4
svc-0140.entrust-issued.example.com,443,Entrust,public,production,replaced,0x53:f6:d6:f1:bb:8b:e5:00:c0:a1
svc-0141.entrust-issued.example.com,443,Entrust,public,dev,replaced,0x3c:2a:21:df:f9:df:ef:63:8b:ac
svc-0142.entrust-issued.example.com,443,Entrust,public,production,replaced,0x59:2b:e9:0b:1f:0a:8c:df:58:1a
svc-0143.entrust-issued.example.com,443,Entrust,internal,production,replaced,0x2a:5f:09:8d:cd:6c:a1:91:5f:63
svc-0144.entrust-issued.example.com,443,Entrust,public,production,replaced,0xcd:03:15:a9:e4:80:f1:45:71:27
svc-0145.entrust-issued.example.com,443,Entrust,public,dev,replaced,0xac:d0:c4:a5:14:25:0d:ef:21:c1
svc-0146.entrust-issued.example.com,443,Entrust,internal,staging,replaced,0x60:09:5f:01:be:f3:ff:30:3b:3d
svc-0147.entrust-issued.example.com,443,Entrust,public,production,replaced,0x88:2b:5f:fd:38:3a:c5:5a:52:f6
svc-0148.entrust-issued.example.com,443,Entrust,public,production,replaced,0xf2:f2:ed:3f:e9:21:4b:59:04:bd
svc-0149.entrust-issued.example.com,443,Entrust,public,dev,replaced,0x34:d7:f3:d4:5f:42:79:70:b5:b9
svc-0150.entrust-issued.example.com,443,Entrust,internal,production,replaced,0x6b:e4:a0:36:6b:a6:65:24:69:52
svc-0151.entrust-issued.example.com,443,Entrust,public,dev,replaced,0xbe:3e:ea:23:55:7a:a0:ee:75:8f
svc-0152.entrust-issued.example.com,443,Entrust,public,production,replaced,0x2f:9b:b1:1d:a2:a8:53:3c:e6:dd
svc-0153.entrust-issued.example.com,443,Entrust,public,production,replaced,0x61:27:05:76:5f:7e:a8:81:42:e0
svc-0154.entrust-issued.example.com,443,Entrust,public,production,replaced,0xba:1a:ed:f7:46:dd:52:2d:be:53
svc-0155.entrust-issued.example.com,443,Entrust,public,production,replaced,0x29:29:ef:88:9c:42:0a:5b:a1:20
svc-0156.entrust-issued.example.com,443,Entrust,internal,dev,replaced,0x81:84:30:3e:01:24:e3:39:4a:65
svc-0157.entrust-issued.example.com,443,Entrust,internal,production,replaced,0x98:65:3d:61:93:27:a1:9f:39:2e
svc-0158.entrust-issued.example.com,443,Entrust,public,dev,replaced,0x70:9c:c8:cd:34:d1:38:5f:71:c1
svc-0159.entrust-issued.example.com,443,Entrust,internal,production,replaced,0x99:91:a0:3d:7c:93:95:1f:dc:02
svc-0160.entrust-issued.example.com,443,Entrust,public,production,replaced,0x6b:e0:0e:71:0e:aa:db:25:f6:6f
svc-0161.entrust-issued.example.com,443,Entrust,public,dev,replaced,0x0f:37:db:ee:6a:cd:26:6b:d6:7e
svc-0162.entrust-issued.example.com,443,Entrust,public,production,replaced,0xe2:37:b8:1d:e2:7d:51:7d:17:db
svc-0163.entrust-issued.example.com,443,Entrust,public,dev,replaced,0xb3:0b:7a:b7:97:86:a6:8b:58:b4
svc-0164.entrust-issued.example.com,443,Entrust,internal,staging,replaced,0x6a:db:3d:e0:99:1b:65:7f:c1:64
svc-0165.entrust-issued.example.com,443,Entrust,internal,staging,replaced,0x7e:0f:23:75:0a:d8:67:01:89:a4
svc-0166.entrust-issued.example.com,443,Entrust,public,production,replaced,0x10:0b:56:9a:eb:a0:ae:85:f3:98
svc-0167.entrust-issued.example.com,443,Entrust,internal,dev,replaced,0x59:1c:c5:81:00:da:a5:bf:2f:8d
svc-0168.entrust-issued.example.com,443,Entrust,public,production,replaced,0x9c:82:5b:70:3b:09:8b:ca:75:aa
svc-0169.entrust-issued.example.com,443,Entrust,internal,dev,replaced,0x83:9c:e5:09:7b:cf:a5:55:ca:2f
svc-0170.entrust-issued.example.com,443,Entrust,public,production,replaced,0xbc:45:b3:7f:f2:0b:f4:fa:05:ec
svc-0171.entrust-issued.example.com,443,Entrust,public,production,replaced,0xa7:15:74:f4:cb:01:03:91:f5:b6
svc-0172.entrust-issued.example.com,443,Entrust,public,production,replaced,0x32:b4:ea:cc:0a:20:7a:5a:c6:b1
svc-0173.entrust-issued.example.com,443,Entrust,internal,production,replaced,0x4b:7f:e9:4a:af:c1:2d:b5:14:c5
svc-0174.entrust-issued.example.com,443,Entrust,internal,production,replaced,0x4c:30:f1:95:5f:c3:00:06:b4:2d
svc-0175.entrust-issued.example.com,443,Entrust,public,production,replaced,0x58:bb:9c:92:b0:81:2c:9c:1f:3c
svc-0176.entrust-issued.example.com,443,Entrust,internal,staging,replaced,0xeb:51:85:85:5a:10:55:48:97:72
svc-0177.entrust-issued.example.com,443,Entrust,public,staging,replaced,0x06:f2:ce:ee:d8:44:2c:c5:1d:e1
svc-0178.entrust-issued.example.com,443,Entrust,internal,dev,replaced,0xc5:c5:12:e4:03:fd:e3:2e:d9:0d
svc-0179.entrust-issued.example.com,443,Entrust,internal,production,replaced,0xb0:77:d4:1d:3a:16:9d:40:87:f2
svc-0180.entrust-issued.example.com,443,Entrust,public,dev,replaced,0x91:99:88:6d:a6:fb:ee:7f:ad:a7
svc-0181.entrust-issued.example.com,443,Entrust,public,production,replaced,0xa8:8b:ff:b0:58:a1:dc:98:76:6e
svc-0182.entrust-issued.example.com,443,Entrust,internal,staging,replaced,0x43:bf:61:3a:f4:23:ed:dc:63:e4
svc-0183.entrust-issued.example.com,443,Entrust,internal,production,replaced,0xc3:b5:18:17:97:fe:91:ff:04:cf
svc-0184.entrust-issued.example.com,443,Entrust,public,production,replaced,0x93:de:7d:1f:44:f9:11:84:0f:7d
svc-0185.entrust-issued.example.com,443,Entrust,internal,staging,replaced,0x19:64:0b:6a:42:02:d8:fe:a4:ef
svc-0186.entrust-issued.example.com,443,Entrust,public,staging,replaced,0x6e:ae:bf:b4:c4:5c:dc:2c:6e:be
svc-0187.entrust-issued.example.com,443,Entrust,public,production,replaced,0xd8:40:8f:f6:e0:e6:12:35:ea:4b
svc-0188.entrust-issued.example.com,443,Entrust,public,production,replaced,0x2c:2b:d1:26:87:a3:c2:28:26:4d
svc-0189.entrust-issued.example.com,443,Entrust,internal,production,replaced,0x61:e2:8e:d0:41:91:e4:6d:51:6d
svc-0190.entrust-issued.example.com,443,Entrust,public,production,replaced,0x3a:bf:b3:ff:4e:e4:e8:1a:bb:53
svc-0191.entrust-issued.example.com,443,Entrust,internal,production,replaced,0x07:b2:f9:33:9e:84:b4:11:31:0e
svc-0192.entrust-issued.example.com,443,Entrust,public,dev,replaced,0x02:3b:0d:87:d4:28:fd:e7:56:81
svc-0193.entrust-issued.example.com,443,Entrust,internal,dev,replaced,0x76:51:a6:43:0e:46:54:1f:ba:f0
svc-0194.entrust-issued.example.com,443,Entrust,internal,staging,replaced,0x4c:bd:21:44:55:51:98:f3:a5:6e
svc-0195.entrust-issued.example.com,443,Entrust,internal,production,replaced,0xb1:23:10:aa:b8:a1:98:31:c3:c0
svc-0196.entrust-issued.example.com,443,Entrust,public,staging,replaced,0x03:6e:ea:1f:f1:9d:58:bd:72:e3
svc-0197.entrust-issued.example.com,443,Entrust,public,dev,replaced,0x72:c5:c4:ac:80:54:a0:7f:3e:6a
svc-0198.entrust-issued.example.com,443,Entrust,public,production,replaced,0x17:6c:13:65:59:b0:64:b6:8b:47
svc-0199.entrust-issued.example.com,443,Entrust,public,production,replaced,0x1a:f7:ee:58:e4:dd:6e:3a:8a:c7
svc-0200.entrust-issued.example.com,443,Entrust,internal,production,replaced,0x17:3b:d0:c6:f1:e3:46:56:f7:f9
svc-0201.entrust-issued.example.com,443,Entrust,public,production,replaced,0x47:d7:eb:8c:94:01:62:98:1f:76
svc-0202.entrust-issued.example.com,443,Entrust,internal,production,replaced,0xb9:7d:45:c7:0d:f9:f6:7f:1c:6f
svc-0203.entrust-issued.example.com,443,Entrust,public,dev,replaced,0x66:de:70:ca:cb:24:01:19:b0:b4
svc-0204.entrust-issued.example.com,443,Entrust,internal,dev,replaced,0xb4:9a:d9:26:39:d8:25:fe:4f:e8
svc-0205.entrust-issued.example.com,443,Entrust,internal,production,replaced,0xf8:d2:bf:d3:7f:9f:9c:7a:64:a1
svc-0206.entrust-issued.example.com,443,Entrust,internal,dev,replaced,0xcf:f1:9c:a4:d1:77:18:9a:d1:e3
svc-0207.entrust-issued.example.com,443,Entrust,public,production,replaced,0xe0:a5:8b:a4:a0:8f:97:76:62:f7
svc-0208.entrust-issued.example.com,443,Entrust,public,production,replaced,0x15:f6:c3:96:ca:0d:44:10:39:17
svc-0209.entrust-issued.example.com,443,Entrust,internal,staging,replaced,0x9b:99:52:e7:ef:60:5f:7d:9f:0e
svc-0210.entrust-issued.example.com,443,Entrust,public,dev,replaced,0x72:91:1e:6b:37:55:85:cc:a2:aa
svc-0211.entrust-issued.example.com,443,Entrust,internal,production,replaced,0xc8:ef:73:8d:d8:81:5e:9f:39:c3
svc-0212.entrust-issued.example.com,443,Entrust,public,dev,replaced,0xb7:9e:2d:b3:99:f7:d4:b2:fa:b8
svc-0213.entrust-issued.example.com,443,Entrust,public,production,replaced,0xa3:85:59:06:65:ab:d0:59:a9:f2
svc-0214.entrust-issued.example.com,443,Entrust,internal,dev,replaced,0x5f:6d:20:90:c5:6e:58:ba:71:02
svc-0215.entrust-issued.example.com,443,Entrust,internal,production,replaced,0x4e:b1:a4:d3:b3:7c:93:72:cb:3f
svc-0216.entrust-issued.example.com,443,Entrust,internal,production,replaced,0x2f:83:16:51:0c:86:08:a5:11:00
svc-0217.entrust-issued.example.com,443,Entrust,public,dev,replaced,0x23:34:b0:ed:ad:ab:bf:c4:89:a7
svc-0218.entrust-issued.example.com,443,Entrust,public,dev,replaced,0x95:4b:9c:d4:92:62:ca:d7:ed:f6
svc-0219.entrust-issued.example.com,443,Entrust,public,production,replaced,0x60:b5:07:d6:4a:e0:70:9b:1d:91
svc-0220.entrust-issued.example.com,443,Entrust,public,staging,replaced,0x30:d2:5c:a9:d6:8d:ca:6e:77:53
svc-0221.entrust-issued.example.com,443,Entrust,public,production,replaced,0x7e:85:ac:10:e2:72:84:38:68:f8
svc-0222.entrust-issued.example.com,443,Entrust,public,production,replaced,0xd6:60:e2:ed:26:23:91:89:20:92
svc-0223.entrust-issued.example.com,443,Entrust,internal,production,replaced,0x48:f3:f5:a6:ab:ca:75:77:e1:51
svc-0224.entrust-issued.example.com,443,Entrust,internal,production,replaced,0x4a:4d:9d:a8:64:65:40:69:8f:ae
svc-0225.entrust-issued.example.com,443,Entrust,internal,staging,replaced,0x9a:ae:96:b2:0b:72:19:9d:07:bc
svc-0226.entrust-issued.example.com,443,Entrust,public,production,replaced,0x4f:a4:f1:4b:6d:1d:c0:c2:d9:71
svc-0227.entrust-issued.example.com,443,Entrust,internal,production,replaced,0xf1:02:3b:72:d1:28:4f:af:93:58
svc-0228.entrust-issued.example.com,443,Entrust,internal,production,replaced,0xe8:fe:b3:e9:17:73:d9:a8:18:a1
svc-0229.entrust-issued.example.com,443,Entrust,public,dev,replaced,0x77:6e:fc:f3:d9:18:38:53:74:f4
svc-0230.entrust-issued.example.com,443,Entrust,internal,staging,replaced,0x96:2b:45:96:a9:ab:c3:21:87:7a
svc-0231.entrust-issued.example.com,443,Entrust,internal,production,replaced,0x70:72:2e:ae:c9:03:6a:54:d5:91
svc-0232.entrust-issued.example.com,443,Entrust,public,production,replaced,0x56:64:06:c1:14:b8:a0:1b:78:dd
svc-0233.entrust-issued.example.com,443,Entrust,public,production,replaced,0xad:2c:57:c0:f4:b3:96:84:ea:47
svc-0234.entrust-issued.example.com,443,Entrust,internal,production,replaced,0xbf:eb:89:5e:98:df:a8:a1:24:b0
svc-0235.entrust-issued.example.com,443,Entrust,public,staging,replaced,0x50:9d:0b:38:60:df:d6:57:da:16
svc-0236.entrust-issued.example.com,443,Entrust,public,production,replaced,0xe7:0c:2d:ee:44:b3:af:9b:53:b4
svc-0237.entrust-issued.example.com,443,Entrust,public,production,replaced,0x62:53:4e:c8:d2:e6:77:84:aa:8f
svc-0238.entrust-issued.example.com,443,Entrust,public,production,replaced,0x89:12:3f:db:0f:39:22:61:61:fb
svc-0239.entrust-issued.example.com,443,Entrust,internal,staging,replaced,0x1e:43:af:a5:6f:11:fd:3e:b1:d1
svc-0240.entrust-issued.example.com,443,Entrust,internal,production,replaced,0x7f:80:dc:c5:2f:8d:75:3d:1d:f8
svc-0241.entrust-issued.example.com,443,Entrust,public,staging,replaced,0x37:ad:3a:0a:73:b8:a1:86:b2:45
svc-0242.entrust-issued.example.com,443,Entrust,internal,dev,replaced,0x6e:1d:a4:ad:9d:16:40:a4:da:81
svc-0243.entrust-issued.example.com,443,Entrust,public,staging,replaced,0xb0:e7:29:d1:28:be:34:59:a6:18
svc-0244.entrust-issued.example.com,443,Entrust,internal,production,replaced,0x55:98:3d:b3:dc:65:33:eb:aa:17
svc-0245.entrust-issued.example.com,443,Entrust,internal,production,replaced,0x25:b7:ec:35:a9:3b:45:67:46:78
svc-0246.entrust-issued.example.com,443,Entrust,internal,staging,replaced,0x12:c4:be:8f:60:c3:83:5b:54:fa
svc-0247.entrust-issued.example.com,443,Entrust,public,production,replaced,0xe7:e6:a5:95:67:d8:fb:a5:41:62
svc-0248.entrust-issued.example.com,443,Entrust,internal,staging,replaced,0x3f:83:61:c3:4e:36:20:ea:63:f5
svc-0249.entrust-issued.example.com,443,Entrust,internal,staging,replaced,0xc5:05:75:35:54:67:d4:1f:73:28
svc-0250.entrust-issued.example.com,443,Entrust,internal,production,replaced,0xd4:d6:87:10:ee:b6:8d:1c:b3:ea
svc-0251.entrust-issued.example.com,443,Entrust,public,production,replaced,0x41:b8:97:b6:7c:dc:51:6d:3a:28
svc-0252.entrust-issued.example.com,443,Entrust,public,production,replaced,0x14:42:44:d8:31:6c:05:4a:71:bb
svc-0253.entrust-issued.example.com,443,Entrust,internal,dev,replaced,0xb6:52:bf:a0:1f:f4:bf:c1:66:bd
svc-0254.entrust-issued.example.com,443,Entrust,internal,staging,replaced,0x1a:6b:73:97:3a:78:5f:41:8c:57
svc-0255.entrust-issued.example.com,443,Entrust,public,production,replaced,0x79:da:ea:62:ca:7e:ec:06:26:73
svc-0256.entrust-issued.example.com,443,Entrust,internal,production,replaced,0xc3:3c:0a:fb:da:40:8a:3e:26:5f
svc-0257.entrust-issued.example.com,443,Entrust,public,production,replaced,0xf9:25:ae:56:50:8c:ef:42:9a:15
svc-0258.entrust-issued.example.com,443,Entrust,public,production,replaced,0x6d:07:11:56:ef:13:85:a8:1a:62
svc-0259.entrust-issued.example.com,443,Entrust,public,production,replaced,0xc0:cc:0f:a0:0c:a7:59:d0:02:ab
svc-0260.entrust-issued.example.com,443,Entrust,internal,staging,replaced,0x68:59:75:80:03:3b:2c:0f:81:2f
svc-0261.entrust-issued.example.com,443,Entrust,internal,production,replaced,0x54:a9:5a:f7:07:c3:9c:96:63:59
svc-0262.entrust-issued.example.com,443,Entrust,public,production,replaced,0xaa:9e:65:71:6c:39:28:1c:65:90
svc-0263.entrust-issued.example.com,443,Entrust,public,dev,replaced,0x57:c2:9c:c4:63:83:67:bd:f5:ad
svc-0264.entrust-issued.example.com,443,Entrust,internal,staging,replaced,0x87:4e:d0:29:fb:8a:79:57:fd:5a
svc-0265.entrust-issued.example.com,443,Entrust,public,production,replaced,0x48:20:38:8f:85:40:d3:36:50:c7
svc-0266.entrust-issued.example.com,443,Entrust,public,staging,replaced,0xab:80:53:6c:29:14:41:30:9f:6d
svc-0267.entrust-issued.example.com,443,Entrust,internal,production,replaced,0xc1:81:b4:71:cc:46:50:c2:9f:48
svc-0268.entrust-issued.example.com,443,Entrust,internal,dev,replaced,0xb3:e9:9e:f5:79:72:42:f2:c3:37
svc-0269.entrust-issued.example.com,443,Entrust,internal,production,replaced,0x22:ac:f9:fb:68:77:fd:fb:e4:15
svc-0270.entrust-issued.example.com,443,Entrust,internal,production,replaced,0x9f:da:f7:8a:f1:6e:b5:3f:f7:38
svc-0271.entrust-issued.example.com,443,Entrust,public,dev,replaced,0xe5:cc:bb:5a:0d:a6:b1:44:d5:0f
svc-0272.entrust-issued.example.com,443,Entrust,public,dev,replaced,0x92:13:64:03:53:ba:06:f4:25:7d
svc-0273.entrust-issued.example.com,443,Entrust,public,dev,replaced,0xb5:26:61:54:c1:a6:db:f0:21:79
svc-0274.entrust-issued.example.com,443,Entrust,public,production,replaced,0xf0:0f:7a:5a:66:75:1a:4f:be:9c
svc-0275.entrust-issued.example.com,443,Entrust,public,production,replaced,0x35:58:90:e0:12:d7:8e:00:ad:f7
svc-0276.entrust-issued.example.com,443,Entrust,public,staging,replaced,0x01:22:a4:58:a2:8d:86:3e:7a:33
svc-0277.entrust-issued.example.com,443,Entrust,public,production,replaced,0x4c:80:dc:61:7e:6b:11:c5:2e:3a
svc-0278.entrust-issued.example.com,443,Entrust,internal,dev,replaced,0x0b:42:51:b5:95:e8:0b:24:f5:77
svc-0279.entrust-issued.example.com,443,Entrust,internal,production,replaced,0xc1:e6:71:c0:2c:09:b9:65:27:26
svc-0280.entrust-issued.example.com,443,Entrust,public,production,replaced,0xef:ab:58:b1:78:b8:24:fa:e5:dc
svc-0281.entrust-issued.example.com,443,Entrust,internal,production,replaced,0xb9:7a:c3:b7:1b:04:17:74:31:9d
svc-0282.entrust-issued.example.com,443,Entrust,public,production,replaced,0x65:9c:50:fa:eb:5d:b8:56:c8:10
svc-0283.entrust-issued.example.com,443,Entrust,public,production,replaced,0x8c:3e:9b:ae:bb:52:e7:fb:96:75
svc-0284.entrust-issued.example.com,443,Entrust,public,dev,replaced,0xa8:7a:f1:f8:5a:fa:e1:80:15:b1
svc-0285.entrust-issued.example.com,443,Entrust,internal,dev,replaced,0x31:c6:83:e7:28:6e:23:5b:18:2e
svc-0286.entrust-issued.example.com,443,Entrust,internal,production,replaced,0xef:48:de:2d:03:77:ed:2f:45:ed
svc-0287.entrust-issued.example.com,443,Entrust,public,production,replaced,0x76:43:54:2f:4e:12:ba:85:b3:7f
svc-0288.entrust-issued.example.com,443,Entrust,internal,staging,replaced,0x5c:16:0d:04:04:0b:fa:85:f7:68
svc-0289.entrust-issued.example.com,443,Entrust,internal,staging,replaced,0x67:f8:df:86:da:82:7e:a8:18:b0
svc-0290.entrust-issued.example.com,443,Entrust,internal,production,replaced,0x61:10:91:c1:8d:7e:fa:09:88:e1
svc-0291.entrust-issued.example.com,443,Entrust,internal,dev,replaced,0xcb:62:c7:ae:5b:ae:57:4c:93:3c
svc-0292.entrust-issued.example.com,443,Entrust,public,dev,replaced,0x7f:ac:60:a3:3f:33:ca:0f:69:bd
svc-0293.entrust-issued.example.com,443,Entrust,public,production,replaced,0xe5:56:d7:20:41:dd:1f:df:fc:ad
svc-0294.entrust-issued.example.com,443,Entrust,internal,production,replaced,0xd1:60:93:50:c2:9a:0d:30:d9:ae
svc-0295.entrust-issued.example.com,443,Entrust,internal,dev,replaced,0x5d:80:dd:82:40:aa:20:9f:8d:b9
svc-0296.entrust-issued.example.com,443,Entrust,public,production,replaced,0x93:28:c6:f8:2c:b9:30:71:6e:ed
svc-0297.entrust-issued.example.com,443,Entrust,internal,production,replaced,0x40:32:82:b5:4a:ed:39:c5:aa:59
svc-0298.entrust-issued.example.com,443,Entrust,public,production,replaced,0xdc:34:c8:84:44:d4:4e:ea:f2:51
svc-0299.entrust-issued.example.com,443,Entrust,internal,staging,replaced,0x73:00:7a:05:d1:05:ec:1e:cb:ad
svc-0300.entrust-issued.example.com,443,Entrust,internal,production,replaced,0xce:53:ca:8f:38:bc:00:8d:ea:e6
svc-0301.entrust-issued.example.com,443,Entrust,public,production,replaced,0x88:c4:2d:1a:37:f0:9e:78:28:b4
svc-0302.entrust-issued.example.com,443,Entrust,internal,production,replaced,0xc4:b2:d2:3e:9a:13:5d:b8:36:71
svc-0303.entrust-issued.example.com,443,Entrust,internal,production,replaced,0x5f:7a:1a:12:50:3a:55:03:51:6d
svc-0304.entrust-issued.example.com,443,Entrust,public,production,replaced,0x56:a4:43:89:e7:8b:56:fd:10:c3
svc-0305.entrust-issued.example.com,443,Entrust,internal,production,replaced,0x12:ff:b5:2e:8e:cf:27:77:5b:23
svc-0306.entrust-issued.example.com,443,Entrust,internal,production,replaced,0x96:e3:6f:04:a6:49:d2:fb:7e:e2
svc-0307.entrust-issued.example.com,443,Entrust,public,production,replaced,0xfa:03:58:ac:2f:2e:23:ed:ca:f4
svc-0308.entrust-issued.example.com,443,Entrust,internal,production,replaced,0x1b:7d:f0:fa:02:da:3a:1e:cf:e9
svc-0309.entrust-issued.example.com,443,Entrust,public,dev,replaced,0xbb:19:65:f4:4f:9c:d7:6f:00:8b
svc-0310.entrust-issued.example.com,443,Entrust,internal,production,replaced,0x9f:47:99:25:02:f3:59:0b:4d:5b
svc-0311.entrust-issued.example.com,443,Entrust,internal,production,replaced,0x21:f6:12:20:f5:cf:04:a6:47:0c
svc-0312.entrust-issued.example.com,443,Entrust,public,production,replaced,0x87:99:d7:0a:e6:e5:fb:bc:56:45
svc-0313.entrust-issued.example.com,443,Entrust,public,production,replaced,0x77:e2:b4:41:2b:4a:82:a2:17:f3
svc-0314.entrust-issued.example.com,443,Entrust,internal,dev,replaced,0x42:c0:31:0d:ac:e8:86:29:32:ea
svc-0315.entrust-issued.example.com,443,Entrust,public,production,replaced,0xaf:6b:e8:c0:a6:56:5b:4c:bc:27
svc-0316.entrust-issued.example.com,443,Entrust,internal,dev,replaced,0xbf:58:06:f9:c9:16:ab:2f:39:4e
svc-0317.entrust-issued.example.com,443,Entrust,internal,production,replaced,0x65:00:dc:d2:90:76:63:6f:23:56
svc-0318.entrust-issued.example.com,443,Entrust,internal,dev,replaced,0x2c:70:be:f6:bf:df:b8:e5:63:70
svc-0319.entrust-issued.example.com,443,Entrust,internal,dev,replaced,0x77:4c:71:7a:37:4e:d1:59:a0:88
svc-0320.entrust-issued.example.com,443,Entrust,internal,staging,replaced,0x70:65:1d:f6:30:09:f9:a0:ad:73
svc-0321.entrust-issued.example.com,443,Entrust,internal,dev,replaced,0x5c:49:be:f8:da:66:fe:5f:22:92
svc-0322.entrust-issued.example.com,443,Entrust,internal,production,replaced,0x96:4e:4e:50:a2:f2:bc:75:95:6c
svc-0323.entrust-issued.example.com,443,Entrust,public,production,replaced,0xcd:36:cb:c3:c1:a8:7a:10:31:01
svc-0324.entrust-issued.example.com,443,Entrust,public,production,replaced,0xdb:ec:53:1f:01:f4:d7:38:eb:95
svc-0325.entrust-issued.example.com,443,Entrust,internal,dev,replaced,0xf8:06:da:7f:b1:6d:b9:c1:30:57
svc-0326.entrust-issued.example.com,443,Entrust,public,dev,replaced,0x49:74:d6:d0:77:87:85:56:98:cf
svc-0327.entrust-issued.example.com,443,Entrust,public,dev,replaced,0x37:18:d5:04:11:17:37:75:2a:b5
svc-0328.entrust-issued.example.com,443,Entrust,public,production,replaced,0x46:77:89:2f:ec:e7:89:7b:7c:51
svc-0329.entrust-issued.example.com,443,Entrust,internal,production,replaced,0x17:f5:2b:03:11:5f:b1:0e:dc:85
svc-0330.entrust-issued.example.com,443,Entrust,internal,production,replaced,0xdd:24:ab:c2:5f:e1:ed:47:4f:99
svc-0331.entrust-issued.example.com,443,Entrust,public,production,replaced,0x21:42:1e:3a:c8:b2:5c:de:08:82
svc-0332.entrust-issued.example.com,443,Entrust,public,production,replaced,0xbd:c0:fc:d0:3d:16:30:9c:fb:09
svc-0333.entrust-issued.example.com,443,Entrust,public,dev,replaced,0xf1:83:e4:de:4a:52:53:ab:8d:4d
svc-0334.entrust-issued.example.com,443,Entrust,internal,staging,replaced,0x18:f5:26:72:b9:4d:a0:43:71:3e
svc-0335.entrust-issued.example.com,443,Entrust,internal,dev,replaced,0x0f:5f:82:41:9f:36:b0:d7:cb:ba
svc-0336.entrust-issued.example.com,443,Entrust,internal,production,replaced,0x70:f8:55:ed:39:8d:da:d6:48:48
svc-0337.entrust-issued.example.com,443,Entrust,internal,dev,replaced,0x02:9a:6a:3d:44:75:30:96:12:78
svc-0338.entrust-issued.example.com,443,Entrust,internal,production,replaced,0xc8:42:40:c1:ea:17:17:b1:d6:d6
svc-0339.entrust-issued.example.com,443,Entrust,public,production,replaced,0xbc:fb:b5:e7:5e:82:6d:e6:6d:e7
svc-0340.entrust-issued.example.com,443,Entrust,internal,staging,replaced,0x24:38:fa:9f:55:9d:f9:f9:54:f6
svc-0341.entrust-issued.example.com,443,Entrust,internal,dev,replaced,0xdc:2f:34:8e:0e:1d:e7:b2:3a:4b
svc-0342.entrust-issued.example.com,443,Entrust,internal,production,replaced,0xb7:38:51:0c:a4:a7:1c:ec:c6:75
svc-0343.entrust-issued.example.com,443,Entrust,public,production,replaced,0x8d:e6:70:a1:ce:08:29:ce:d1:04
svc-0344.entrust-issued.example.com,443,Entrust,public,production,replaced,0x71:86:30:f0:29:45:b6:a7:31:7b
svc-0345.entrust-issued.example.com,443,Entrust,internal,staging,replaced,0x10:f1:db:4a:b4:f5:65:e2:55:aa
svc-0346.entrust-issued.example.com,443,Entrust,public,production,replaced,0xe0:00:89:11:ed:1f:86:34:49:72
svc-0347.entrust-issued.example.com,443,Entrust,public,staging,replaced,0xf9:1c:af:9e:fd:eb:3e:86:44:37
svc-0348.entrust-issued.example.com,443,Entrust,public,production,replaced,0x73:f0:c5:e1:cc:c7:79:9e:ec:8d
svc-0349.entrust-issued.example.com,443,Entrust,public,production,replaced,0xe0:45:91:48:b9:7b:35:1e:19:f1
svc-0350.entrust-issued.example.com,443,Entrust,public,dev,replaced,0x48:25:88:cd:b6:94:05:ef:ab:47
svc-0351.entrust-issued.example.com,443,Entrust,internal,production,replaced,0x9d:1a:bc:ba:c1:1e:bb:8c:55:8c
svc-0352.entrust-issued.example.com,443,Entrust,internal,production,replaced,0x19:f9:c8:6a:38:0d:77:ad:cf:70
svc-0353.entrust-issued.example.com,443,Entrust,internal,production,replaced,0xa9:13:4d:a3:85:b9:a8:7e:6e:3e
svc-0354.entrust-issued.example.com,443,Entrust,public,dev,replaced,0x23:e8:c1:e8:94:7b:89:69:8e:bc
svc-0355.entrust-issued.example.com,443,Entrust,internal,production,replaced,0x93:2f:3d:4d:03:5c:28:7a:33:b2
svc-0356.entrust-issued.example.com,443,Entrust,public,dev,replaced,0xa2:65:51:a5:ff:de:fb:9f:69:b9
svc-0357.entrust-issued.example.com,443,Entrust,internal,staging,replaced,0x01:ce:16:bc:5a:07:27:14:34:00
svc-0358.entrust-issued.example.com,443,Entrust,public,dev,replaced,0x07:fb:ef:c1:a3:12:97:e8:37:0d
svc-0359.entrust-issued.example.com,443,Entrust,internal,staging,replaced,0x05:ce:63:9c:5a:3d:73:92:d1:82
svc-0360.entrust-issued.example.com,443,Entrust,public,production,replaced,0x8f:69:4b:2e:1b:47:e7:73:5f:08
svc-0361.entrust-issued.example.com,443,Entrust,internal,dev,replaced,0x2f:53:b1:0d:f1:24:a2:7e:e3:f6
svc-0362.entrust-issued.example.com,443,Entrust,public,production,replaced,0x92:84:fd:6a:6b:55:07:ab:20:bf
svc-0363.entrust-issued.example.com,443,Entrust,internal,production,replaced,0x28:02:e8:d6:2d:12:01:e7:f4:0d
svc-0364.entrust-issued.example.com,443,Entrust,public,production,replaced,0xf8:52:44:05:92:ac:0b:98:0e:7d
svc-0365.entrust-issued.example.com,443,Entrust,internal,staging,replaced,0xaa:b5:6b:31:60:2f:55:5a:95:67
svc-0366.entrust-issued.example.com,443,Entrust,internal,production,replaced,0x12:6a:e4:28:c8:6d:4a:0c:80:af
svc-0367.entrust-issued.example.com,443,Entrust,public,production,replaced,0xe3:09:b4:87:e5:21:2c:87:ea:03
svc-0368.entrust-issued.example.com,443,Entrust,public,dev,replaced,0x77:49:66:45:d9:48:27:c3:c6:ba
svc-0369.entrust-issued.example.com,443,Entrust,public,production,replaced,0x6e:9a:67:41:28:74:ea:64:7c:45
svc-0370.entrust-issued.example.com,443,Entrust,public,staging,replaced,0xa7:22:e4:78:0e:ea:67:6d:58:7f
svc-0371.entrust-issued.example.com,443,Entrust,internal,dev,replaced,0x7a:1a:70:d7:3c:84:6a:be:78:15
svc-0372.entrust-issued.example.com,443,Entrust,public,production,replaced,0x10:dc:d9:10:c1:f0:79:34:30:04
svc-0373.entrust-issued.example.com,443,Entrust,public,staging,replaced,0x8b:19:9a:fc:6f:15:3b:38:8f:0a
svc-0374.entrust-issued.example.com,443,Entrust,internal,production,replaced,0xa7:d5:fe:7b:a7:c0:47:2c:9c:f4
svc-0375.entrust-issued.example.com,443,Entrust,public,production,replaced,0xae:d6:5e:c3:74:62:7e:75:58:60
svc-0376.entrust-issued.example.com,443,Entrust,internal,staging,replaced,0xf5:77:10:41:5a:66:62:dc:74:71
svc-0377.entrust-issued.example.com,443,Entrust,public,production,replaced,0x74:88:00:f3:57:86:a2:42:58:48
svc-0378.entrust-issued.example.com,443,Entrust,internal,production,replaced,0x31:cb:ef:67:1d:1c:94:cc:6f:13
svc-0379.entrust-issued.example.com,443,Entrust,public,staging,replaced,0x94:da:f0:95:d9:39:c3:da:4b:fc
svc-0380.entrust-issued.example.com,443,Entrust,internal,production,replaced,0x74:86:cf:74:c4:53:37:3d:7a:a6
svc-0381.entrust-issued.example.com,443,Entrust,public,dev,replaced,0x2a:86:94:cf:07:d7:5a:8f:0e:70
svc-0382.entrust-issued.example.com,443,Entrust,public,production,replaced,0xab:55:6d:f7:c4:60:01:d6:dc:21
svc-0383.entrust-issued.example.com,443,Entrust,public,production,replaced,0xd1:b6:41:9d:93:70:3f:cc:25:16
svc-0384.entrust-issued.example.com,443,Entrust,internal,production,replaced,0x75:9b:56:a4:b2:da:a6:1d:84:24
svc-0385.entrust-issued.example.com,443,Entrust,internal,staging,replaced,0xaf:b1:91:3f:3c:7b:6f:4a:6c:03
svc-0386.entrust-issued.example.com,443,Entrust,internal,dev,replaced,0x3b:03:da:83:85:29:03:ac:6b:71
svc-0387.entrust-issued.example.com,443,Entrust,internal,production,replaced,0xf9:0e:33:c1:af:ec:51:ce:75:92
svc-0388.entrust-issued.example.com,443,Entrust,public,staging,replaced,0x7e:6a:aa:e4:fa:e5:42:22:af:2f
svc-0389.entrust-issued.example.com,443,Entrust,public,production,replaced,0x42:f9:6e:01:a1:a0:f6:16:94:53
svc-0390.entrust-issued.example.com,443,Entrust,internal,production,replaced,0x24:81:a7:33:01:f1:44:6f:ad:27
svc-0391.entrust-issued.example.com,443,Entrust,internal,staging,replaced,0x24:ce:54:fe:85:e8:3c:dc:44:85
svc-0392.entrust-issued.example.com,443,Entrust,internal,production,replaced,0xfa:7f:15:ed:a1:47:cc:72:6c:b1
svc-0393.entrust-issued.example.com,443,Entrust,public,production,replaced,0x37:f7:42:f9:4d:10:2f:94:f4:08
svc-0394.entrust-issued.example.com,443,Entrust,internal,production,replaced,0x6e:6a:28:7b:61:97:ba:d6:15:bc
svc-0395.entrust-issued.example.com,443,Entrust,internal,production,replaced,0x23:cc:e8:61:f7:3b:b8:d2:ba:61
svc-0396.entrust-issued.example.com,443,Entrust,internal,dev,replaced,0xc9:5a:db:5a:5d:a2:02:90:ed:b1
svc-0397.entrust-issued.example.com,443,Entrust,public,staging,replaced,0x48:dd:ca:68:da:aa:85:b3:34:18
svc-0398.entrust-issued.example.com,443,Entrust,public,staging,replaced,0x7a:68:78:fd:a5:c3:24:72:90:ce
svc-0399.entrust-issued.example.com,443,Entrust,internal,dev,replaced,0xce:14:d7:56:29:bd:1c:58:5f:f6
svc-0400.entrust-issued.example.com,443,Entrust,public,production,replaced,0x50:1b:7d:ea:e4:77:25:90:ab:28
svc-0401.entrust-issued.example.com,443,Entrust,public,staging,replaced,0x77:01:e0:e7:1f:52:d0:20:fd:bc
svc-0402.entrust-issued.example.com,443,Entrust,public,production,replaced,0x5b:48:e4:75:f9:c4:f4:7a:f5:f5
svc-0403.entrust-issued.example.com,443,Entrust,internal,production,replaced,0xa2:71:d8:73:64:be:26:86:b3:4e
svc-0404.entrust-issued.example.com,443,Entrust,internal,dev,replaced,0xfa:21:88:27:49:32:66:c7:a6:38
svc-0405.entrust-issued.example.com,443,Entrust,public,production,replaced,0x20:e8:a4:c0:02:1d:2a:85:a0:e2
svc-0406.entrust-issued.example.com,443,Entrust,public,production,replaced,0x59:d9:5e:a2:99:10:6a:ea:3a:39
svc-0407.entrust-issued.example.com,443,Entrust,public,production,replaced,0xf5:aa:59:4d:e4:fa:1f:cd:cf:37
svc-0408.entrust-issued.example.com,443,Entrust,internal,production,replaced,0x1a:17:63:eb:16:c7:ce:b2:43:38
svc-0409.entrust-issued.example.com,443,Entrust,public,dev,replaced,0xe6:a8:a5:3a:fd:15:e7:c3:43:ca
svc-0410.entrust-issued.example.com,443,Entrust,public,staging,replaced,0xde:b7:7c:41:51:e2:8e:4d:0e:01
svc-0411.entrust-issued.example.com,443,Entrust,public,production,replaced,0xca:ba:6f:92:ef:1e:b4:65:26:de
svc-0412.entrust-issued.example.com,443,Entrust,internal,dev,replaced,0x0f:e3:14:1f:bb:15:20:0b:af:36
svc-0413.entrust-issued.example.com,443,Entrust,public,production,replaced,0xf4:65:a1:55:8f:c7:c9:be:ea:33
svc-0414.entrust-issued.example.com,443,Entrust,public,production,replaced,0x4a:72:78:d5:5e:16:ac:20:63:49
svc-0415.entrust-issued.example.com,443,Entrust,public,production,replaced,0x65:56:36:73:a9:39:9b:63:73:13
svc-0416.entrust-issued.example.com,443,Entrust,public,production,replaced,0xb9:4b:da:fc:4c:cb:b2:57:1d:6e
svc-0417.entrust-issued.example.com,443,Entrust,internal,production,replaced,0x2d:d1:d5:95:22:96:90:6b:7c:4b
svc-0418.entrust-issued.example.com,443,Entrust,internal,production,replaced,0x07:32:58:a0:09:e4:99:8e:13:45
svc-0419.entrust-issued.example.com,443,Entrust,internal,production,replaced,0x08:93:9a:a3:34:bb:e2:e5:e8:a4
svc-0420.entrust-issued.example.com,443,Entrust,public,staging,replaced,0xa5:0b:7e:be:80:a7:29:40:2d:ad
svc-0421.entrust-issued.example.com,443,Entrust,internal,dev,replaced,0x1c:b8:79:82:c2:e1:45:7e:60:7b
svc-0422.entrust-issued.example.com,443,Entrust,internal,dev,replaced,0x32:1e:45:1b:86:21:ad:10:07:ff
svc-0423.entrust-issued.example.com,443,Entrust,internal,production,replaced,0x26:3f:67:1c:d8:89:44:3f:c3:b0
svc-0424.entrust-issued.example.com,443,Entrust,public,staging,replaced,0x7a:d5:88:d5:8d:e1:4f:04:03:ed
svc-0425.entrust-issued.example.com,443,Entrust,internal,production,replaced,0x4f:80:0a:72:60:73:7b:bd:02:01
svc-0426.entrust-issued.example.com,443,Entrust,internal,production,replaced,0x36:98:43:a9:c8:46:e8:1c:25:19
svc-0427.entrust-issued.example.com,443,Entrust,public,staging,replaced,0xac:ec:73:12:a6:01:e6:7b:98:73
svc-0428.entrust-issued.example.com,443,Entrust,internal,production,replaced,0xed:81:2e:e9:74:32:6c:eb:54:2d
svc-0429.entrust-issued.example.com,443,Entrust,public,dev,replaced,0x19:d5:6f:c5:19:61:4e:a2:41:cc
svc-0430.entrust-issued.example.com,443,Entrust,internal,production,replaced,0xe4:99:70:44:59:58:d5:42:29:9c
svc-0431.entrust-issued.example.com,443,Entrust,internal,production,replaced,0x94:8b:bd:3d:e2:32:66:a9:c3:45
svc-0432.entrust-issued.example.com,443,Entrust,public,staging,replaced,0x42:d1:34:96:b3:38:de:d3:77:49
svc-0433.entrust-issued.example.com,443,Entrust,public,production,replaced,0x7b:d9:7e:eb:02:3e:20:67:28:c2
svc-0434.entrust-issued.example.com,443,Entrust,public,production,replaced,0xb2:08:34:48:ca:89:4a:39:73:e3
svc-0435.entrust-issued.example.com,443,Entrust,internal,dev,replaced,0x2b:77:e9:bb:89:c5:8b:41:4a:35
svc-0436.entrust-issued.example.com,443,Entrust,public,production,replaced,0x27:eb:ed:7d:94:47:05:31:1f:f8
svc-0437.entrust-issued.example.com,443,Entrust,public,production,replaced,0x90:15:14:0f:73:60:6b:fd:17:40
svc-0438.entrust-issued.example.com,443,Entrust,public,production,replaced,0x0a:2b:d5:8d:96:82:5b:d9:f8:42
svc-0439.entrust-issued.example.com,443,Entrust,internal,production,replaced,0x47:14:78:b8:50:c0:37:1e:db:85
svc-0440.entrust-issued.example.com,443,Entrust,internal,staging,replaced,0x74:a3:e5:56:a0:16:1d:33:2d:78
svc-0441.entrust-issued.example.com,443,Entrust,public,production,replaced,0xd0:a4:ab:93:6c:b6:f5:ca:ab:f2
svc-0442.entrust-issued.example.com,443,Entrust,public,dev,replaced,0x35:cc:74:0c:12:5e:3a:34:8d:75
svc-0443.entrust-issued.example.com,443,Entrust,internal,production,replaced,0xf3:e9:6b:08:59:2e:6e:90:9c:57
svc-0444.entrust-issued.example.com,443,Entrust,internal,production,replaced,0xbc:f1:48:a9:1f:a9:8f:89:31:1c
svc-0445.entrust-issued.example.com,443,Entrust,internal,staging,replaced,0x7a:b6:68:66:95:44:29:bf:0a:a1
svc-0446.entrust-issued.example.com,443,Entrust,internal,dev,replaced,0xdd:b6:5d:a5:36:88:9d:95:5c:4d
svc-0447.entrust-issued.example.com,443,Entrust,public,production,replaced,0xed:b2:ec:bb:80:c8:e3:f3:81:a2
svc-0448.entrust-issued.example.com,443,Entrust,internal,production,replaced,0xad:8b:71:b1:f0:da:7c:dd:6e:ce
svc-0449.entrust-issued.example.com,443,Entrust,internal,dev,replaced,0xc6:ab:b9:d4:6e:cb:0e:e3:b0:f8
svc-0450.entrust-issued.example.com,443,Entrust,internal,production,replaced,0x41:d0:58:9c:9b:38:79:8a:e0:43
svc-0451.entrust-issued.example.com,443,Entrust,public,production,replaced,0x1d:1a:75:54:61:8c:9b:d0:02:21
svc-0452.entrust-issued.example.com,443,Entrust,public,staging,replaced,0xba:e2:c0:38:a2:55:8d:16:ad:73
svc-0453.entrust-issued.example.com,443,Entrust,internal,staging,replaced,0x3b:76:c8:b1:4c:ef:84:92:ea:8f
svc-0454.entrust-issued.example.com,443,Entrust,public,production,replaced,0x26:bc:3b:05:8b:81:90:3e:6c:39
svc-0455.entrust-issued.example.com,443,Entrust,public,production,replaced,0xca:8d:de:5a:1c:41:e8:42:a1:5a
svc-0456.entrust-issued.example.com,443,Entrust,internal,production,replaced,0x62:74:aa:84:74:f4:48:81:76:de
svc-0457.entrust-issued.example.com,443,Entrust,public,production,replaced,0x67:29:cc:8e:f5:ca:18:f3:0d:5b
svc-0458.entrust-issued.example.com,443,Entrust,internal,production,replaced,0xa5:e6:13:24:03:f2:cf:f8:57:ff
svc-0459.entrust-issued.example.com,443,Entrust,internal,production,replaced,0x19:84:95:b9:0b:61:23:32:e3:7c
svc-0460.entrust-issued.example.com,443,Entrust,public,dev,replaced,0x10:8d:dc:7b:5a:22:56:32:51:d5
svc-0461.entrust-issued.example.com,443,Entrust,internal,dev,replaced,0x31:4e:89:08:67:d4:ee:8c:53:95
svc-0462.entrust-issued.example.com,443,Entrust,public,production,replaced,0x9d:88:39:13:b3:c5:94:61:4c:29
svc-0463.entrust-issued.example.com,443,Entrust,public,production,replaced,0x6f:ce:b1:94:b9:27:93:da:ec:7b
svc-0464.entrust-issued.example.com,443,Entrust,internal,dev,replaced,0xfb:9c:f0:80:ac:bb:f7:78:9c:25
svc-0465.entrust-issued.example.com,443,Entrust,public,dev,replaced,0x85:9a:40:2f:91:d5:ef:70:3a:b6
svc-0466.entrust-issued.example.com,443,Entrust,public,staging,replaced,0xd2:b0:f4:f5:41:e3:c5:3c:39:a2
svc-0467.entrust-issued.example.com,443,Entrust,internal,production,replaced,0xc6:12:4b:a6:06:d7:20:39:fa:5f
svc-0468.entrust-issued.example.com,443,Entrust,internal,production,replaced,0xa1:e8:67:66:ad:f5:d4:e0:c8:08
svc-0469.entrust-issued.example.com,443,Entrust,internal,production,replaced,0x13:cc:ba:54:e0:7e:f1:61:27:f3
svc-0470.entrust-issued.example.com,443,Entrust,public,staging,replaced,0x10:4a:28:a7:6b:04:1e:75:c6:de
svc-0471.entrust-issued.example.com,443,Entrust,public,production,replaced,0x1b:c5:6b:40:14:3c:80:4f:4c:e8
svc-0472.entrust-issued.example.com,443,Entrust,internal,production,replaced,0xe1:1b:4d:e0:48:27:7b:d5:16:db
svc-0473.entrust-issued.example.com,443,Entrust,public,production,replaced,0x43:7a:83:ca:a9:08:b8:7c:73:80
svc-0474.entrust-issued.example.com,443,Entrust,internal,production,replaced,0x8a:bc:26:3b:ba:17:69:4e:b2:f7
svc-0475.entrust-issued.example.com,443,Entrust,internal,production,replaced,0x57:02:11:c6:db:24:fc:35:e1:48
svc-0476.entrust-issued.example.com,443,Entrust,public,production,replaced,0x03:62:4e:54:f2:86:0e:20:8e:dc
svc-0477.entrust-issued.example.com,443,Entrust,internal,dev,replaced,0xb0:7c:35:13:d7:62:23:cf:07:55
svc-0478.entrust-issued.example.com,443,Entrust,public,dev,replaced,0xb4:8e:ed:26:88:c2:51:ef:f3:26
svc-0479.entrust-issued.example.com,443,Entrust,internal,production,replaced,0x12:63:2f:0b:1e:ab:74:38:bc:8f
svc-0480.entrust-issued.example.com,443,Entrust,internal,dev,replaced,0x71:2b:ee:d1:1b:d6:48:ef:1e:04
svc-0481.entrust-issued.example.com,443,Entrust,internal,production,replaced,0x18:4d:51:34:6b:69:64:da:96:7a
svc-0482.entrust-issued.example.com,443,Entrust,public,production,replaced,0xa8:02:7f:a5:a2:25:50:11:fd:99
svc-0483.entrust-issued.example.com,443,Entrust,public,staging,replaced,0x5d:5d:4d:72:d0:d8:60:b1:1b:5b
svc-0484.entrust-issued.example.com,443,Entrust,internal,production,replaced,0xa9:f4:42:93:7b:36:bf:3e:12:86
svc-0485.entrust-issued.example.com,443,Entrust,internal,staging,replaced,0xa5:a3:eb:47:83:ba:3c:86:8e:9e
svc-0486.entrust-issued.example.com,443,Entrust,internal,staging,replaced,0xf1:89:ea:2f:b1:84:36:3e:2c:25
svc-0487.entrust-issued.example.com,443,Entrust,internal,production,replaced,0xfa:78:07:50:d9:00:f4:6b:e6:4a
svc-0488.entrust-issued.example.com,443,Entrust,public,production,replaced,0xbc:ec:83:bb:6d:dc:bf:8c:3a:56
svc-0489.entrust-issued.example.com,443,Entrust,public,production,replaced,0x71:01:00:c5:8b:8c:b4:a4:1f:0a
svc-0490.entrust-issued.example.com,443,Entrust,public,production,replaced,0x53:be:aa:e5:6c:59:7c:ab:9a:bd
svc-0491.entrust-issued.example.com,443,Entrust,public,production,replaced,0x27:89:79:8e:3b:13:a7:f2:b3:6f
svc-0492.entrust-issued.example.com,443,Entrust,internal,dev,replaced,0x74:2d:47:24:fd:d8:a4:bc:d8:39
svc-0493.entrust-issued.example.com,443,Entrust,public,production,replaced,0x97:88:bc:f4:e5:69:f0:9a:91:40
svc-0494.entrust-issued.example.com,443,Entrust,internal,production,replaced,0xbb:a5:06:da:80:65:45:e3:b2:07
svc-0495.entrust-issued.example.com,443,Entrust,public,production,replaced,0x32:6e:b1:46:21:83:69:a9:2e:5d
svc-0496.entrust-issued.example.com,443,Entrust,internal,production,replaced,0x25:a9:19:0d:10:ab:1d:da:7b:9a
svc-0497.entrust-issued.example.com,443,Entrust,internal,staging,replaced,0xed:81:3c:93:88:33:2f:64:1e:eb
svc-0498.entrust-issued.example.com,443,Entrust,public,production,replaced,0xe5:78:61:fd:f1:7c:88:ad:ba:90
svc-0499.entrust-issued.example.com,443,Entrust,public,production,replaced,0x96:da:94:b0:46:b7:06:99:a7:3d
svc-0500.entrust-issued.example.com,443,Entrust,internal,production,replaced,0xf7:0f:d4:62:ef:47:42:6e:ee:7d
svc-0501.entrust-issued.example.com,443,Entrust,public,production,replaced,0x3a:34:f2:b4:d4:e8:e7:a8:09:dc
svc-0502.entrust-issued.example.com,443,Entrust,public,dev,replaced,0xb0:f1:7e:ca:51:3a:56:c6:79:46
svc-0503.entrust-issued.example.com,443,Entrust,internal,dev,replaced,0x38:13:1a:d7:66:1f:09:98:3a:86
svc-0504.entrust-issued.example.com,443,Entrust,public,production,replaced,0xbc:fe:3a:e3:9c:dc:32:c0:a6:0c
svc-0505.entrust-issued.example.com,443,Entrust,internal,dev,replaced,0x61:a9:54:d8:97:0d:c4:5b:85:9c
svc-0506.entrust-issued.example.com,443,Entrust,internal,dev,replaced,0x35:af:c6:7f:a2:63:0d:dd:73:ee
svc-0507.entrust-issued.example.com,443,Entrust,internal,staging,replaced,0x11:9b:83:4e:25:9d:23:43:ce:08
svc-0508.entrust-issued.example.com,443,Entrust,public,staging,replaced,0xf6:68:0c:f9:19:62:8f:16:83:66
svc-0509.entrust-issued.example.com,443,Entrust,public,production,replaced,0x26:3c:98:5b:1f:ac:fd:3e:14:9c
svc-0510.entrust-issued.example.com,443,Entrust,internal,dev,replaced,0x3f:a0:46:f3:45:c0:9d:0f:d9:8f
svc-0511.entrust-issued.example.com,443,Entrust,public,production,replaced,0xb8:54:f7:bc:56:3e:44:79:65:1e
svc-0512.entrust-issued.example.com,443,Entrust,public,production,replaced,0x91:05:fa:95:4c:b3:e9:a6:64:ae
svc-0513.entrust-issued.example.com,443,Entrust,internal,production,replaced,0xbd:87:26:bd:66:a1:7d:b0:04:83
svc-0514.entrust-issued.example.com,443,Entrust,internal,production,replaced,0x2e:4b:29:cc:7c:ae:47:bc:37:e1
svc-0515.entrust-issued.example.com,443,Entrust,internal,staging,replaced,0x36:79:41:ff:66:2d:25:99:bb:ba
svc-0516.entrust-issued.example.com,443,Entrust,internal,staging,replaced,0x24:a2:17:8b:2c:b6:d6:3b:28:c2
svc-0517.entrust-issued.example.com,443,Entrust,public,production,replaced,0x43:ee:a0:a6:c2:cf:98:59:1a:30
svc-0518.entrust-issued.example.com,443,Entrust,public,production,replaced,0xdf:99:aa:91:d3:ed:e4:38:c9:3d
svc-0519.entrust-issued.example.com,443,Entrust,internal,staging,replaced,0x84:a7:28:0b:b1:0c:d2:ff:66:64
svc-0520.entrust-issued.example.com,443,Entrust,public,production,replaced,0xcd:ef:f3:b1:5a:86:6b:40:4b:7f
svc-0521.entrust-issued.example.com,443,Entrust,internal,production,replaced,0xa7:8c:c1:2a:7a:fc:74:ec:3b:07
svc-0522.entrust-issued.example.com,443,Entrust,public,staging,replaced,0xd5:d6:8d:c8:db:46:e7:37:8c:01
svc-0523.entrust-issued.example.com,443,Entrust,public,production,replaced,0xf2:2a:46:f8:2e:48:a5:89:4b:9e
svc-0524.entrust-issued.example.com,443,Entrust,internal,production,replaced,0xc2:f3:08:51:0c:df:e9:00:71:d8
svc-0525.entrust-issued.example.com,443,Entrust,public,staging,replaced,0x99:9b:c3:40:6a:08:58:50:11:91
svc-0526.entrust-issued.example.com,443,Entrust,internal,production,replaced,0x4f:85:b5:00:57:aa:94:0e:4c:88
svc-0527.entrust-issued.example.com,443,Entrust,public,production,replaced,0x90:45:2e:c3:6d:00:8e:7e:9a:5c
svc-0528.entrust-issued.example.com,443,Entrust,internal,production,replaced,0xb5:cd:98:30:87:d5:df:fd:4d:ed
svc-0529.entrust-issued.example.com,443,Entrust,internal,staging,replaced,0x01:b8:4c:8e:76:c3:dc:d6:d1:6f
svc-0530.entrust-issued.example.com,443,Entrust,public,dev,replaced,0x0f:ca:ab:ed:97:a3:3c:0c:96:38
svc-0531.entrust-issued.example.com,443,Entrust,internal,production,replaced,0xa5:0a:82:71:0c:08:af:5f:f2:a5
svc-0532.entrust-issued.example.com,443,Entrust,public,staging,replaced,0xac:7e:a5:a6:98:16:43:d2:c6:bb
svc-0533.entrust-issued.example.com,443,Entrust,internal,staging,replaced,0x2b:18:f2:ca:32:48:6e:71:08:af
svc-0534.entrust-issued.example.com,443,Entrust,public,production,replaced,0xf6:c9:14:fb:25:c2:96:a6:11:9e
svc-0535.entrust-issued.example.com,443,Entrust,internal,dev,replaced,0x76:2f:2c:1b:73:01:fd:fc:6f:82
svc-0536.entrust-issued.example.com,443,Entrust,internal,staging,replaced,0x53:ae:71:46:3c:90:5c:0e:d1:a6
svc-0537.entrust-issued.example.com,443,Entrust,public,production,replaced,0x20:5f:c7:33:d4:a6:0a:69:b0:c6
svc-0538.entrust-issued.example.com,443,Entrust,internal,production,replaced,0x54:d2:4a:1b:85:09:1d:39:e6:dc
svc-0539.entrust-issued.example.com,443,Entrust,internal,dev,replaced,0xde:96:f2:5d:e0:97:0b:f4:25:a8
svc-0540.entrust-issued.example.com,443,Entrust,internal,staging,replaced,0x57:57:0a:83:26:24:e9:c6:e1:80
svc-0541.entrust-issued.example.com,443,Entrust,public,dev,replaced,0xfb:a6:a8:f5:24:40:bd:4e:6d:05
svc-0542.entrust-issued.example.com,443,Entrust,internal,staging,replaced,0x5f:ae:d0:0d:46:c2:06:3c:7b:a2
svc-0543.entrust-issued.example.com,443,Entrust,public,dev,replaced,0x05:c0:96:96:a9:47:6b:2a:e3:f8
svc-0544.entrust-issued.example.com,443,Entrust,public,production,replaced,0xed:94:ac:f4:f4:ec:66:45:ea:9f
svc-0545.entrust-issued.example.com,443,Entrust,public,staging,replaced,0x62:2c:7f:be:bb:eb:39:8e:59:18
svc-0546.entrust-issued.example.com,443,Entrust,public,dev,replaced,0x3f:29:63:b2:cd:d6:bc:bf:53:d7
svc-0547.entrust-issued.example.com,443,Entrust,public,production,replaced,0x6c:e0:fd:e1:a6:25:3b:0e:5a:6b
svc-0548.entrust-issued.example.com,443,Entrust,public,staging,replaced,0x7e:7a:a2:40:54:9e:10:6d:75:e7
svc-0549.entrust-issued.example.com,443,Entrust,internal,staging,replaced,0x26:d6:46:a2:04:c0:24:b2:bb:b6
svc-0550.entrust-issued.example.com,443,Entrust,public,staging,replaced,0x56:c7:ed:18:af:ad:69:09:89:ac
svc-0551.entrust-issued.example.com,443,Entrust,public,production,replaced,0x90:70:db:ef:d4:d4:0a:97:8f:a9
svc-0552.entrust-issued.example.com,443,Entrust,internal,production,replaced,0xa9:80:5f:6d:68:75:d1:9b:72:d6
svc-0553.entrust-issued.example.com,443,Entrust,internal,production,replaced,0xa2:82:af:dc:8f:dd:7c:49:15:de
svc-0554.entrust-issued.example.com,443,Entrust,internal,staging,replaced,0xe8:9a:9f:c9:38:20:2d:05:31:9f
svc-0555.entrust-issued.example.com,443,Entrust,public,production,replaced,0x51:a8:41:16:53:c8:21:c2:e3:e9
svc-0556.entrust-issued.example.com,443,Entrust,internal,staging,replaced,0xc8:86:02:07:cc:08:1f:79:33:df
svc-0557.entrust-issued.example.com,443,Entrust,internal,production,replaced,0xec:b4:78:ce:b2:d0:99:f2:2c:2a
svc-0558.entrust-issued.example.com,443,Entrust,public,staging,replaced,0xc5:c3:37:13:2b:7e:71:3a:45:b3
svc-0559.entrust-issued.example.com,443,Entrust,internal,production,replaced,0x0c:fd:9c:dc:7d:c7:19:df:e7:c9
svc-0560.entrust-issued.example.com,443,Entrust,internal,staging,replaced,0xf4:8a:c4:d0:28:92:7d:71:8f:2d
svc-0561.entrust-issued.example.com,443,Entrust,public,production,replaced,0xf9:f1:0a:1e:36:7f:5b:8d:e4:37
svc-0562.entrust-issued.example.com,443,Entrust,internal,production,replaced,0x89:e2:93:b5:fd:69:ed:ed:67:f8
svc-0563.entrust-issued.example.com,443,Entrust,public,production,replaced,0xef:f8:f5:1d:5f:3d:04:e5:64:50
svc-0564.entrust-issued.example.com,443,Entrust,public,dev,replaced,0x6b:42:66:1a:e0:df:c6:00:14:9c
svc-0565.entrust-issued.example.com,443,Entrust,public,production,replaced,0x4b:4f:aa:9b:e4:78:58:e7:71:77
svc-0566.entrust-issued.example.com,443,Entrust,public,dev,replaced,0xae:ce:2a:b9:a8:2f:48:c2:1a:63
svc-0567.entrust-issued.example.com,443,Entrust,internal,production,replaced,0x5a:60:8e:d0:08:a5:29:5b:b4:6a
svc-0568.entrust-issued.example.com,443,Entrust,public,production,replaced,0xaa:bd:53:20:b2:eb:06:8b:d5:88
svc-0569.entrust-issued.example.com,443,Entrust,internal,production,replaced,0xfc:ed:a3:d0:e4:70:d2:b5:a7:ba
svc-0570.entrust-issued.example.com,443,Entrust,internal,production,replaced,0xd0:ac:a5:fa:20:15:46:e5:db:9a
svc-0571.entrust-issued.example.com,443,Entrust,public,dev,replaced,0x8f:78:71:29:ee:ce:54:64:32:c8
svc-0572.entrust-issued.example.com,443,Entrust,internal,production,replaced,0x29:1c:18:1e:b8:1b:ce:3d:1b:94
svc-0573.entrust-issued.example.com,443,Entrust,public,dev,replaced,0xe0:ee:56:86:ae:e8:ef:a2:1e:b5
svc-0574.entrust-issued.example.com,443,Entrust,internal,production,replaced,0x2a:7e:7a:48:be:c9:25:9e:50:37
svc-0575.entrust-issued.example.com,443,Entrust,public,dev,replaced,0x91:b7:e6:38:21:d2:52:c7:39:e5
svc-0576.entrust-issued.example.com,443,Entrust,public,dev,replaced,0xfa:dc:8c:33:f9:45:57:94:60:ec
svc-0577.entrust-issued.example.com,443,Entrust,public,production,replaced,0xe7:79:84:0c:1d:b7:28:6f:e3:e1
svc-0578.entrust-issued.example.com,443,Entrust,public,dev,replaced,0xec:6f:ee:66:44:73:e1:3f:06:38
svc-0579.entrust-issued.example.com,443,Entrust,internal,dev,replaced,0x46:70:ee:bf:09:71:4c:71:4d:de
svc-0580.entrust-issued.example.com,443,Entrust,internal,production,replaced,0xee:96:ec:36:54:a7:50:c6:9b:0e
svc-0581.entrust-issued.example.com,443,Entrust,internal,production,replaced,0x2c:1a:df:34:31:cd:d3:cb:bb:84
svc-0582.entrust-issued.example.com,443,Entrust,internal,dev,replaced,0x3d:10:41:d0:65:f7:59:d3:f1:fc
svc-0583.entrust-issued.example.com,443,Entrust,internal,production,replaced,0xcb:f2:fa:54:ab:b8:b1:6a:58:fa
svc-0584.entrust-issued.example.com,443,Entrust,internal,production,replaced,0x5b:a4:01:79:dc:2f:1c:79:58:ef
svc-0585.entrust-issued.example.com,443,Entrust,public,dev,replaced,0x86:c3:ea:b7:c6:9b:c9:ce:39:b4
svc-0586.entrust-issued.example.com,443,Entrust,public,production,replaced,0x1f:90:b5:09:ed:24:e1:86:6e:b6
svc-0587.entrust-issued.example.com,443,Entrust,internal,dev,replaced,0x00:14:9c:27:8b:0a:82:13:21:b8
svc-0588.entrust-issued.example.com,443,Entrust,internal,staging,replaced,0xa6:5e:85:26:9a:7d:68:12:3a:67
svc-0589.entrust-issued.example.com,443,Entrust,internal,staging,replaced,0xcb:67:49:0a:2d:b3:84:93:e7:78
svc-0590.entrust-issued.example.com,443,Entrust,public,dev,replaced,0xd3:d0:fa:59:c0:f0:e5:11:a2:6d
svc-0591.entrust-issued.example.com,443,Entrust,public,production,replaced,0xc9:26:56:b0:61:05:6d:e4:43:15
svc-0592.entrust-issued.example.com,443,Entrust,internal,production,replaced,0xff:8c:0b:4d:72:af:66:6b:1d:dd
svc-0593.entrust-issued.example.com,443,Entrust,public,staging,replaced,0x09:07:fc:f3:61:be:ea:fa:3b:96
svc-0594.entrust-issued.example.com,443,Entrust,public,production,replaced,0xf9:27:75:24:81:5a:9f:cc:da:c6
svc-0595.entrust-issued.example.com,443,Entrust,public,production,replaced,0x93:79:5f:2b:44:4a:5f:fb:3f:0a
svc-0596.entrust-issued.example.com,443,Entrust,internal,staging,replaced,0x3d:15:65:89:a3:ef:dc:87:1b:12
svc-0597.entrust-issued.example.com,443,Entrust,internal,production,replaced,0xfa:53:f6:b3:ff:b9:8f:ec:9f:f3
svc-0598.entrust-issued.example.com,443,Entrust,internal,staging,replaced,0x47:90:d4:c9:46:11:24:5c:41:42
svc-0599.entrust-issued.example.com,443,Entrust,public,production,replaced,0xc3:84:94:39:6e:c8:7f:7c:23:09
svc-0600.entrust-issued.example.com,443,Entrust,internal,staging,replaced,0x88:61:9f:f4:a6:ce:e2:9c:7e:19
svc-0601.entrust-issued.example.com,443,Entrust,internal,production,replaced,0x52:bf:56:ef:27:d0:cc:e7:0f:bd
svc-0602.entrust-issued.example.com,443,Entrust,internal,production,replaced,0xe6:de:e8:64:5f:21:18:b0:81:58
svc-0603.entrust-issued.example.com,443,Entrust,internal,dev,replaced,0xbe:64:e2:ce:a4:fc:23:6f:de:8b
svc-0604.entrust-issued.example.com,443,Entrust,internal,dev,replaced,0x5a:6d:12:73:8e:10:52:e0:f7:dd
svc-0605.entrust-issued.example.com,443,Entrust,public,production,replaced,0x30:00:4e:d9:e0:03:58:ad:28:ef
svc-0606.entrust-issued.example.com,443,Entrust,public,production,replaced,0x20:70:e0:75:d0:83:f2:36:b7:d5
svc-0607.entrust-issued.example.com,443,Entrust,internal,dev,replaced,0xf6:43:e3:e7:db:62:06:91:9f:35
svc-0608.entrust-issued.example.com,443,Entrust,internal,production,replaced,0x38:59:0f:fa:e1:93:7c:2e:af:9a
svc-0609.entrust-issued.example.com,443,Entrust,internal,production,replaced,0x79:a2:08:cc:47:60:a8:dd:62:35
svc-0610.entrust-issued.example.com,443,Entrust,internal,dev,replaced,0x70:2b:1f:9a:64:5f:1e:fd:51:2c
svc-0611.entrust-issued.example.com,443,Entrust,internal,staging,replaced,0xa4:94:94:57:d0:5b:3f:85:52:8f
svc-0612.entrust-issued.example.com,443,Entrust,public,dev,replaced,0xb0:d0:b5:e2:34:4d:0a:4c:74:8a
svc-0613.entrust-issued.example.com,443,Entrust,public,production,replaced,0xa5:b4:39:cf:74:15:be:8e:a3:29
svc-0614.entrust-issued.example.com,443,Entrust,public,production,replaced,0x14:47:1d:ec:3b:11:dd:de:21:c6
svc-0615.entrust-issued.example.com,443,Entrust,public,production,replaced,0x8f:0c:16:e0:88:30:a2:e9:eb:35
svc-0616.entrust-issued.example.com,443,Entrust,public,staging,replaced,0xb6:42:32:21:eb:0f:be:67:39:ba
svc-0617.entrust-issued.example.com,443,Entrust,public,staging,replaced,0x91:e6:09:c5:63:fb:0a:6a:7b:6a
svc-0618.entrust-issued.example.com,443,Entrust,internal,production,replaced,0xe7:85:1f:88:8e:fa:12:d8:c9:b5
svc-0619.entrust-issued.example.com,443,Entrust,internal,staging,in_progress,0x77:c9:f6:fb:e3:04:3b:23:cf:80
svc-0620.entrust-issued.example.com,443,Entrust,public,production,in_progress,0xc8:f1:f7:39:c2:80:45:cb:ce:98
svc-0621.entrust-issued.example.com,443,Entrust,internal,staging,in_progress,0x63:89:93:98:a0:99:dc:83:e4:f7
svc-0622.entrust-issued.example.com,443,Entrust,public,production,in_progress,0x21:27:ad:7e:ae:fd:77:ad:d6:62
svc-0623.entrust-issued.example.com,443,Entrust,public,production,in_progress,0x50:5f:09:ed:eb:45:85:d2:1d:da
svc-0624.entrust-issued.example.com,443,Entrust,internal,production,in_progress,0x1d:d0:44:b3:db:10:cc:91:e9:dc
svc-0625.entrust-issued.example.com,443,Entrust,public,production,in_progress,0x00:4c:40:31:54:40:8e:da:0a:ce
svc-0626.entrust-issued.example.com,443,Entrust,internal,dev,in_progress,0x5e:97:99:b1:9d:e4:9a:a2:de:38
svc-0627.entrust-issued.example.com,443,Entrust,public,staging,in_progress,0x92:3a:93:73:1d:bd:2e:6a:20:9a
svc-0628.entrust-issued.example.com,443,Entrust,public,dev,in_progress,0xb3:32:2e:e7:83:79:5d:a8:ab:6d
svc-0629.entrust-issued.example.com,443,Entrust,internal,dev,in_progress,0xfd:20:f2:02:de:1e:f8:04:74:14
svc-0630.entrust-issued.example.com,443,Entrust,internal,production,in_progress,0xff:f4:04:5a:48:dd:4a:2a:19:47
svc-0631.entrust-issued.example.com,443,Entrust,internal,production,in_progress,0xe0:0e:07:70:d2:56:01:15:62:cb
svc-0632.entrust-issued.example.com,443,Entrust,public,production,in_progress,0xc8:3b:ab:86:c3:42:94:26:94:ea
svc-0633.entrust-issued.example.com,443,Entrust,public,production,in_progress,0x69:c4:b7:f0:4f:96:e6:56:f3:25
svc-0634.entrust-issued.example.com,443,Entrust,public,dev,in_progress,0xd0:95:d6:6f:c0:e4:67:b1:1e:ea
svc-0635.entrust-issued.example.com,443,Entrust,internal,production,in_progress,0x37:b8:b4:2e:49:57:67:1d:92:1f
svc-0636.entrust-issued.example.com,443,Entrust,public,staging,in_progress,0x5a:f6:ce:75:28:dd:c4:6f:73:31
svc-0637.entrust-issued.example.com,443,Entrust,public,production,in_progress,0x19:48:00:df:0c:02:65:0e:7a:9b
svc-0638.entrust-issued.example.com,443,Entrust,public,production,in_progress,0xd3:06:c8:d5:2b:76:53:78:cd:1b
svc-0639.entrust-issued.example.com,443,Entrust,internal,staging,in_progress,0x02:67:b1:bc:5c:02:bb:f1:7c:9f
svc-0640.entrust-issued.example.com,443,Entrust,internal,staging,in_progress,0x14:25:f3:4e:2f:29:8d:ac:5e:d5
svc-0641.entrust-issued.example.com,443,Entrust,internal,staging,in_progress,0x58:05:96:89:85:5a:e3:d4:ee:63
svc-0642.entrust-issued.example.com,443,Entrust,internal,production,in_progress,0x1d:66:4d:f4:01:77:e3:b8:a5:56
svc-0643.entrust-issued.example.com,443,Entrust,public,dev,in_progress,0x5e:1a:cf:bb:73:43:2f:46:4f:40
svc-0644.entrust-issued.example.com,443,Entrust,public,production,in_progress,0xab:58:54:7f:03:e4:9d:65:7f:0c
svc-0645.entrust-issued.example.com,443,Entrust,internal,production,in_progress,0xaa:24:a3:db:40:57:89:78:49:77
svc-0646.entrust-issued.example.com,443,Entrust,internal,production,in_progress,0xd8:eb:35:0b:18:8e:29:c1:0d:58
svc-0647.entrust-issued.example.com,443,Entrust,public,production,in_progress,0x57:36:ac:4b:19:60:28:9b:35:8d
svc-0648.entrust-issued.example.com,443,Entrust,internal,dev,in_progress,0xc7:ab:72:ef:c5:e1:07:1c:42:65
svc-0649.entrust-issued.example.com,443,Entrust,public,staging,in_progress,0x55:2f:25:84:ea:2f:3e:06:e0:59
svc-0650.entrust-issued.example.com,443,Entrust,internal,production,in_progress,0xb4:b6:ac:82:3c:31:d0:18:6f:b4
svc-0651.entrust-issued.example.com,443,Entrust,public,staging,in_progress,0xaf:c0:29:10:67:bf:d9:10:41:a9
svc-0652.entrust-issued.example.com,443,Entrust,public,dev,in_progress,0xdd:69:b2:4a:7b:4d:3b:01:15:63
svc-0653.entrust-issued.example.com,443,Entrust,internal,production,in_progress,0x91:00:c6:6a:a5:95:5f:4c:15:f4
svc-0654.entrust-issued.example.com,443,Entrust,public,production,in_progress,0xcc:d9:c0:5c:24:65:93:37:84:1c
svc-0655.entrust-issued.example.com,443,Entrust,internal,staging,in_progress,0x88:f1:f2:b0:24:52:4c:17:4f:86
svc-0656.entrust-issued.example.com,443,Entrust,internal,staging,in_progress,0x27:85:cc:d6:75:3b:62:49:58:19
svc-0657.entrust-issued.example.com,443,Entrust,public,production,in_progress,0x41:75:78:d9:95:4d:2a:9d:d2:aa
svc-0658.entrust-issued.example.com,443,Entrust,internal,production,in_progress,0xf4:9a:af:a9:14:4c:b2:e8:34:84
svc-0659.entrust-issued.example.com,443,Entrust,internal,production,in_progress,0xcc:7d:57:60:1d:6b:e9:be:22:05
svc-0660.entrust-issued.example.com,443,Entrust,public,production,in_progress,0x06:b5:7b:8b:08:11:89:29:a9:79
svc-0661.entrust-issued.example.com,443,Entrust,internal,production,in_progress,0x25:72:6b:b3:f1:4f:d2:32:bc:3a
svc-0662.entrust-issued.example.com,443,Entrust,public,production,in_progress,0x58:c6:7d:b5:4d:3e:26:d7:35:50
svc-0663.entrust-issued.example.com,443,Entrust,public,staging,in_progress,0x09:52:06:f7:f0:48:59:7f:ab:11
svc-0664.entrust-issued.example.com,443,Entrust,public,production,in_progress,0x83:7f:0f:c1:2a:29:1f:02:e3:14
svc-0665.entrust-issued.example.com,443,Entrust,public,production,in_progress,0x5c:d1:9e:05:94:73:83:6f:90:8f
svc-0666.entrust-issued.example.com,443,Entrust,public,production,not_started,0xef:95:e9:66:5d:56:e9:48:7b:57
svc-0667.entrust-issued.example.com,443,Entrust,public,production,not_started,0xd1:00:f7:b8:98:78:43:93:40:e3
svc-0668.entrust-issued.example.com,443,Entrust,public,production,not_started,0x85:71:12:2c:20:36:e9:a9:4e:5e
svc-0669.entrust-issued.example.com,443,Entrust,public,production,not_started,0x46:c5:56:5d:bb:b2:a8:17:02:02
svc-0670.entrust-issued.example.com,443,Entrust,public,production,not_started,0x9f:d7:80:6a:d0:d5:82:06:62:c3
svc-0671.entrust-issued.example.com,443,Entrust,public,production,not_started,0x5b:de:3e:2a:53:33:2f:0c:7a:3e
svc-0672.entrust-issued.example.com,443,Entrust,public,production,not_started,0x29:77:b0:51:ea:ea:0d:0f:21:20
svc-0673.entrust-issued.example.com,443,Entrust,public,production,not_started,0x4a:12:f9:3b:4d:94:48:22:6e:a0
svc-0674.entrust-issued.example.com,443,Entrust,public,production,not_started,0x7b:db:e8:a3:2b:fa:b2:b7:6b:49
svc-0675.entrust-issued.example.com,443,Entrust,public,production,not_started,0x52:df:63:75:9c:4f:3c:10:02:e0
svc-0676.entrust-issued.example.com,443,Entrust,public,production,not_started,0xc9:53:5d:a9:6b:06:9f:93:c1:2a
svc-0677.entrust-issued.example.com,443,Entrust,public,production,not_started,0x5e:80:71:55:37:ea:73:67:99:65
svc-0678.entrust-issued.example.com,443,Entrust,internal,production,not_started,0x5e:c2:72:1e:51:95:92:75:9b:29
svc-0679.entrust-issued.example.com,443,Entrust,internal,production,not_started,0xaa:a6:6b:55:e2:71:49:7c:ec:d7
svc-0680.entrust-issued.example.com,443,Entrust,internal,production,not_started,0xb8:b7:40:d1:e7:9e:62:2b:d8:97
svc-0681.entrust-issued.example.com,443,Entrust,internal,production,not_started,0xc7:f3:35:ba:b0:1e:6e:e7:07:7f
svc-0682.entrust-issued.example.com,443,Entrust,internal,production,not_started,0xbe:79:88:39:c3:3d:57:a9:2d:c4
svc-0683.entrust-issued.example.com,443,Entrust,internal,production,not_started,0x19:35:94:0b:8d:f1:99:61:bb:22
svc-0684.entrust-issued.example.com,443,Entrust,internal,production,not_started,0xb3:a3:c4:a5:57:84:99:cf:d9:ea
svc-0685.entrust-issued.example.com,443,Entrust,internal,production,not_started,0xe3:cc:db:20:22:57:a9:d0:e4:76
svc-0686.entrust-issued.example.com,443,Entrust,internal,production,not_started,0x8f:cf:02:cc:7f:13:d0:08:44:11
svc-0687.entrust-issued.example.com,443,Entrust,internal,production,not_started,0x1c:ab:ad:df:44:59:70:4a:8b:2d
svc-0688.entrust-issued.example.com,443,Entrust,internal,production,not_started,0xd4:d7:b5:20:69:f5:11:e2:9b:ab
svc-0689.entrust-issued.example.com,443,Entrust,internal,production,not_started,0x38:03:6f:bb:3b:a1:22:bf:7d:aa
svc-0690.entrust-issued.example.com,443,Entrust,internal,production,not_started,0x6e:d1:2f:cb:be:fc:be:8a:e9:e5
svc-0691.entrust-issued.example.com,443,Entrust,internal,production,not_started,0xbe:57:a7:c6:99:89:4f:b3:4d:d7
svc-0692.entrust-issued.example.com,443,Entrust,internal,production,not_started,0x9d:30:4b:a7:ef:93:26:62:92:73
svc-0693.entrust-issued.example.com,443,Entrust,internal,production,not_started,0x21:4a:5b:94:bf:9c:6f:1f:d0:ad
svc-0694.entrust-issued.example.com,443,Entrust,internal,production,not_started,0x94:12:6f:67:f8:15:1f:ad:c2:98
svc-0695.entrust-issued.example.com,443,Entrust,internal,production,not_started,0xff:7c:37:50:e9:45:93:f9:b5:de
svc-0696.entrust-issued.example.com,443,Entrust,internal,production,not_started,0x43:71:68:3b:19:96:24:26:40:44
svc-0697.entrust-issued.example.com,443,Entrust,internal,production,not_started,0xd8:46:56:63:7b:a3:7b:d0:f3:33
svc-0698.entrust-issued.example.com,443,Entrust,internal,production,not_started,0x9f:3c:1f:04:44:1b:84:41:62:0d
svc-0699.entrust-issued.example.com,443,Entrust,internal,production,not_started,0x34:91:97:3b:e0:b2:ff:c2:ed:a3
svc-0700.entrust-issued.example.com,443,Entrust,internal,production,not_started,0xeb:1f:fa:4c:d9:44:eb:2f:27:98
svc-0701.entrust-issued.example.com,443,Entrust,internal,production,not_started,0x49:58:d9:f5:57:a7:75:75:65:47
svc-0702.entrust-issued.example.com,443,Entrust,internal,production,not_started,0x4b:2a:f2:09:bd:c2:9f:1b:45:7a
svc-0703.entrust-issued.example.com,443,Entrust,internal,production,not_started,0x3e:1f:2a:dc:ac:c2:d9:42:09:fc
svc-0704.entrust-issued.example.com,443,Entrust,internal,production,not_started,0xde:b0:6c:bc:dc:ed:87:17:64:0e
svc-0705.entrust-issued.example.com,443,Entrust,internal,production,not_started,0xd9:4a:82:53:2d:b3:3e:81:6a:70
svc-0706.entrust-issued.example.com,443,Entrust,internal,production,not_started,0xae:01:2f:32:00:2c:69:23:01:15
svc-0707.entrust-issued.example.com,443,Entrust,internal,production,not_started,0xcb:53:cb:ca:c0:be:df:c8:a5:35
svc-0708.entrust-issued.example.com,443,Entrust,internal,production,not_started,0x61:60:bb:b8:5c:b2:d1:ad:7b:aa
svc-0709.entrust-issued.example.com,443,Entrust,internal,production,not_started,0xb4:5b:e2:76:d9:03:24:31:b7:2b
svc-0710.entrust-issued.example.com,443,Entrust,internal,production,not_started,0x76:7c:a4:41:ff:34:86:c3:a4:92
svc-0711.entrust-issued.example.com,443,Entrust,internal,production,not_started,0xaf:10:c5:fa:24:a7:1c:f6:fe:cf
svc-0712.entrust-issued.example.com,443,Entrust,internal,production,not_started,0x04:c0:16:0e:e5:44:1e:77:88:29
svc-0713.entrust-issued.example.com,443,Entrust,internal,production,not_started,0x2d:f9:53:d4:43:96:1a:e2:61:a6
svc-0714.entrust-issued.example.com,443,Entrust,internal,production,not_started,0xc4:a8:23:2e:2d:11:25:85:c5:a5
svc-0715.entrust-issued.example.com,443,Entrust,internal,production,not_started,0x8c:9d:28:ba:41:49:e5:a2:91:33
svc-0716.entrust-issued.example.com,443,Entrust,internal,production,not_started,0x65:40:7a:6f:cf:ef:42:dc:de:6e
svc-0717.entrust-issued.example.com,443,Entrust,internal,production,not_started,0x96:1c:0a:b7:18:b1:cb:84:d0:1b
svc-0718.entrust-issued.example.com,443,Entrust,internal,production,not_started,0x4c:36:e0:a8:1e:0f:b0:86:b8:56
svc-0719.entrust-issued.example.com,443,Entrust,internal,production,not_started,0x7e:ab:57:1a:1a:5e:2a:af:59:e1
svc-0720.entrust-issued.example.com,443,Entrust,internal,production,not_started,0xdc:a3:7e:b9:77:9b:2e:53:d2:a8
svc-0721.entrust-issued.example.com,443,Entrust,internal,production,not_started,0xd0:f3:da:2b:32:a2:d4:57:ea:e0
svc-0722.entrust-issued.example.com,443,Entrust,internal,production,not_started,0x74:32:15:aa:85:21:3d:5e:65:b0
svc-0723.entrust-issued.example.com,443,Entrust,internal,production,not_started,0xcb:ba:6f:9c:e3:62:99:c7:fe:42
svc-0724.entrust-issued.example.com,443,Entrust,internal,production,not_started,0x39:8a:46:0c:9c:eb:55:e2:08:8d
svc-0725.entrust-issued.example.com,443,Entrust,internal,production,not_started,0x5a:19:e4:de:4b:ab:fd:c2:f4:68
svc-0726.entrust-issued.example.com,443,Entrust,internal,production,not_started,0x09:66:7e:e7:d8:e6:1b:0c:d6:70
svc-0727.entrust-issued.example.com,443,Entrust,internal,production,not_started,0xe4:46:48:9a:32:3b:41:23:1e:eb
svc-0728.entrust-issued.example.com,443,Entrust,internal,production,not_started,0x0d:89:ce:2e:89:7c:14:d4:40:83
svc-0729.entrust-issued.example.com,443,Entrust,internal,production,not_started,0x39:03:06:28:df:d7:94:7e:ae:94
svc-0730.entrust-issued.example.com,443,Entrust,internal,production,not_started,0x52:37:1b:69:98:f6:c0:21:3b:16
svc-0731.entrust-issued.example.com,443,Entrust,internal,production,not_started,0x54:24:e4:92:d0:fd:4e:32:f2:7e
svc-0732.entrust-issued.example.com,443,Entrust,internal,staging,not_started,0xe8:92:fc:a1:ba:34:5e:9e:a8:9d
svc-0733.entrust-issued.example.com,443,Entrust,internal,dev,not_started,0x70:f4:51:4d:55:9c:5d:0b:74:63
svc-0734.entrust-issued.example.com,443,Entrust,internal,staging,not_started,0xbb:76:57:6a:19:cb:9a:14:d8:5a
svc-0735.entrust-issued.example.com,443,Entrust,internal,staging,not_started,0xbb:dd:4e:0c:66:55:dd:b7:b5:49
svc-0736.entrust-issued.example.com,443,Entrust,internal,dev,not_started,0xbd:fc:f9:5d:7a:7f:2a:aa:0c:f7
svc-0737.entrust-issued.example.com,443,Entrust,internal,staging,not_started,0xe2:d9:24:2b:38:23:6b:0e:bd:b9
svc-0738.entrust-issued.example.com,443,Entrust,internal,staging,not_started,0x4f:7f:9b:db:68:9c:85:11:df:89
svc-0739.entrust-issued.example.com,443,Entrust,internal,dev,not_started,0xdd:a7:c3:c3:3a:b9:49:9f:74:73
svc-0740.entrust-issued.example.com,443,Entrust,internal,staging,not_started,0x74:ce:35:67:ef:b1:0c:36:4f:b1
svc-0741.entrust-issued.example.com,443,Entrust,internal,staging,not_started,0xd1:4c:0f:15:fa:39:86:dc:d8:78
svc-0742.entrust-issued.example.com,443,Entrust,internal,dev,not_started,0x8f:c9:ef:63:dc:52:b7:86:67:47
svc-0743.entrust-issued.example.com,443,Entrust,internal,staging,not_started,0xb8:a7:ef:b4:58:24:1c:d1:fb:d4
svc-0744.entrust-issued.example.com,443,Entrust,internal,dev,not_started,0x1d:69:d0:8e:8d:ca:03:99:3c:af
svc-0745.entrust-issued.example.com,443,Entrust,internal,staging,not_started,0x57:20:22:c6:fd:d4:b5:78:a4:34
svc-0746.entrust-issued.example.com,443,Entrust,internal,staging,not_started,0xfb:b7:c9:7a:71:fa:6f:f7:7e:f5
svc-0747.entrust-issued.example.com,443,Entrust,internal,dev,not_started,0x3c:50:89:c8:f1:21:62:fc:cb:07
svc-0748.entrust-issued.example.com,443,Entrust,internal,staging,not_started,0x5d:c2:a6:11:75:e0:8f:a7:04:97
svc-0749.entrust-issued.example.com,443,Entrust,internal,dev,not_started,0x7a:38:68:d6:13:0b:bd:35:90:fe
svc-0750.entrust-issued.example.com,443,Entrust,internal,dev,not_started,0x4f:9c:a6:b0:79:2c:6f:70:46:8b
svc-0751.entrust-issued.example.com,443,Entrust,internal,dev,not_started,0xf6:b8:d1:0e:6d:c4:e9:a5:ac:81
svc-0752.entrust-issued.example.com,443,Entrust,internal,dev,not_started,0x92:3a:e9:71:a8:54:2b:20:b8:f7
svc-0753.entrust-issued.example.com,443,Entrust,internal,dev,not_started,0x4a:5b:03:a0:09:a4:25:b7:a6:4b
svc-0754.entrust-issued.example.com,443,Entrust,internal,staging,not_started,0x10:5f:c7:0f:01:68:e9:6f:17:15
svc-0755.entrust-issued.example.com,443,Entrust,internal,dev,not_started,0xa7:71:62:37:6e:15:c1:4b:b2:41
svc-0756.entrust-issued.example.com,443,Entrust,internal,staging,not_started,0xdf:a6:52:6d:11:41:9e:62:ff:ef
svc-0757.entrust-issued.example.com,443,Entrust,internal,dev,not_started,0xaa:41:c8:66:b9:0f:42:52:3a:68
svc-0758.entrust-issued.example.com,443,Entrust,internal,dev,not_started,0xb3:fb:82:4a:b1:66:a5:ee:47:50
svc-0759.entrust-issued.example.com,443,Entrust,internal,staging,not_started,0x07:b1:82:c8:eb:92:84:27:9c:0e
svc-0760.entrust-issued.example.com,443,Entrust,internal,dev,not_started,0x0a:da:2f:e4:32:c5:23:14:a2:c7
svc-0761.entrust-issued.example.com,443,Entrust,internal,staging,not_started,0x39:57:4a:8b:8d:25:8a:50:0b:ed
svc-0762.entrust-issued.example.com,443,Entrust,internal,dev,not_started,0x07:bc:87:c3:6d:77:d6:86:6b:6e
svc-0763.entrust-issued.example.com,443,Entrust,internal,staging,not_started,0x62:3e:89:1e:b0:3d:be:d3:24:f2
svc-0764.entrust-issued.example.com,443,Entrust,internal,staging,not_started,0x0e:fd:80:f3:61:9c:bd:c2:7e:7b
svc-0765.entrust-issued.example.com,443,Entrust,internal,staging,not_started,0x1b:c7:8b:0d:72:9c:96:41:7e:c0
svc-0766.entrust-issued.example.com,443,Entrust,internal,staging,not_started,0x8e:03:ca:3e:a1:1f:ec:1e:72:00
svc-0767.entrust-issued.example.com,443,Entrust,internal,staging,not_started,0xd9:ac:fb:6e:58:6d:e4:49:be:39
svc-0768.entrust-issued.example.com,443,Entrust,internal,dev,not_started,0xc8:ce:a1:82:11:0e:f2:ee:46:44
svc-0769.entrust-issued.example.com,443,Entrust,internal,staging,not_started,0x44:64:b8:3d:59:ab:4e:cf:dd:db
svc-0770.entrust-issued.example.com,443,Entrust,internal,dev,not_started,0xd6:73:d8:f0:db:3d:98:e9:ef:c5
svc-0771.entrust-issued.example.com,443,Entrust,internal,dev,not_started,0xdf:56:d1:13:c8:db:91:e3:a7:8a
svc-0772.entrust-issued.example.com,443,Entrust,internal,dev,not_started,0x7d:0d:9b:69:28:9e:2d:11:30:fd
svc-0773.entrust-issued.example.com,443,Entrust,internal,staging,not_started,0xb3:3d:30:7c:a9:b7:62:05:73:ac
svc-0774.entrust-issued.example.com,443,Entrust,internal,staging,not_started,0xdd:09:b4:b4:2f:b6:b7:9e:00:53
svc-0775.entrust-issued.example.com,443,Entrust,internal,dev,not_started,0x18:34:6b:08:4d:24:b6:00:ba:83
svc-0776.entrust-issued.example.com,443,Entrust,internal,staging,not_started,0xd7:8c:99:7f:3b:c6:38:1d:b7:b3
svc-0777.entrust-issued.example.com,443,Entrust,internal,staging,not_started,0x86:ff:53:29:2e:ce:f5:d6:17:27
svc-0778.entrust-issued.example.com,443,Entrust,internal,staging,not_started,0xf6:ca:aa:73:3f:dd:ef:7a:da:2a
svc-0779.entrust-issued.example.com,443,Entrust,internal,dev,not_started,0xdb:e8:a2:54:c0:58:75:ed:59:fa
svc-0780.entrust-issued.example.com,443,Entrust,internal,dev,not_started,0x9e:25:1c:d0:14:d9:e6:c7:0a:c7
svc-0781.entrust-issued.example.com,443,Entrust,internal,dev,not_started,0x9b:e3:24:3f:a7:7a:db:86:dc:c9
svc-0782.entrust-issued.example.com,443,Entrust,internal,staging,not_started,0x80:04:a1:17:ff:63:d0:10:34:ee
svc-0783.entrust-issued.example.com,443,Entrust,internal,staging,not_started,0xe2:2f:62:3c:49:55:13:4b:fd:c3
svc-0784.entrust-issued.example.com,443,Entrust,internal,staging,not_started,0x4a:bb:d6:6b:6a:88:c1:95:90:13
svc-0785.entrust-issued.example.com,443,Entrust,internal,staging,not_started,0x11:bd:cd:74:d7:2b:26:11:c4:e8
svc-0786.entrust-issued.example.com,443,Entrust,internal,staging,not_started,0xd4:05:0b:95:b4:fb:25:7b:bc:ab
svc-0787.entrust-issued.example.com,443,Entrust,internal,dev,not_started,0xd0:8e:66:64:53:77:1e:4c:42:59
svc-0788.entrust-issued.example.com,443,Entrust,internal,staging,not_started,0x03:92:f9:73:92:4b:b9:43:53:fb
svc-0789.entrust-issued.example.com,443,Entrust,internal,dev,not_started,0x16:30:b7:64:d3:af:2e:c9:a9:ce
svc-0790.entrust-issued.example.com,443,Entrust,internal,staging,not_started,0xfc:57:53:9f:50:64:ef:63:4b:6f
svc-0791.entrust-issued.example.com,443,Entrust,internal,dev,not_started,0xa3:97:81:16:33:94:9a:80:5a:8c
svc-0792.entrust-issued.example.com,443,Entrust,internal,dev,not_started,0x02:71:c1:52:4b:ce:5b:8d:7c:8e
svc-0793.entrust-issued.example.com,443,Entrust,internal,dev,not_started,0xb1:6a:4c:d7:eb:14:e1:e4:ad:28
svc-0794.entrust-issued.example.com,443,Entrust,internal,dev,not_started,0x03:89:e7:e9:4e:c2:8c:41:0a:39
svc-0795.entrust-issued.example.com,443,Entrust,internal,dev,not_started,0xfb:c4:34:59:50:1e:b9:65:26:b9
svc-0796.entrust-issued.example.com,443,Entrust,internal,staging,not_started,0x58:20:be:5e:cf:51:46:a7:f8:a7
svc-0797.entrust-issued.example.com,443,Entrust,internal,staging,not_started,0x26:99:d2:ee:4a:c9:c3:f2:1f:ae
svc-0798.entrust-issued.example.com,443,Entrust,internal,staging,not_started,0x64:39:bf:76:1c:10:18:54:c9:a4
svc-0799.entrust-issued.example.com,443,Entrust,internal,staging,not_started,0x0b:9d:f5:14:81:7e:15:69:16:2f
svc-0800.entrust-issued.example.com,443,Entrust,internal,staging,not_started,0x06:18:ac:c7:93:9b:a4:7d:b2:68
svc-0801.entrust-issued.example.com,443,Entrust,internal,staging,not_started,0x06:5a:ce:98:49:8b:bf:08:fc:92
svc-0802.entrust-issued.example.com,443,Entrust,internal,staging,not_started,0x61:ec:fa:32:94:35:55:a5:37:34
svc-0803.entrust-issued.example.com,443,Entrust,internal,staging,not_started,0xae:75:c2:65:71:7b:ef:8c:60:50
svc-0804.entrust-issued.example.com,443,Entrust,internal,staging,not_started,0x81:d6:d1:9f:fb:71:b2:f5:7a:d7
svc-0805.entrust-issued.example.com,443,Entrust,internal,dev,not_started,0xf7:dc:a2:69:f4:89:90:fe:cc:d7
svc-0806.entrust-issued.example.com,443,Entrust,internal,dev,not_started,0x19:f6:3c:88:52:c9:70:f4:3f:8b
svc-0807.entrust-issued.example.com,443,Entrust,internal,staging,not_started,0x25:46:71:a8:f9:91:76:7e:5b:cc
svc-0808.entrust-issued.example.com,443,Entrust,internal,dev,not_started,0xda:9f:56:d1:27:d5:27:fb:60:43
svc-0809.entrust-issued.example.com,443,Entrust,internal,staging,not_started,0x13:2b:e0:71:a3:92:48:35:61:be
svc-0810.entrust-issued.example.com,443,Entrust,internal,staging,not_started,0x36:f6:39:01:3f:a6:73:81:27:bb
svc-0811.entrust-issued.example.com,443,Entrust,internal,dev,not_started,0x67:9d:d4:0e:6a:94:d6:3f:1b:5f
svc-0812.entrust-issued.example.com,443,Entrust,internal,staging,not_started,0x15:54:f6:76:da:d0:71:ca:aa:09
svc-0813.entrust-issued.example.com,443,Entrust,internal,dev,not_started,0x6f:78:ef:63:d6:62:98:59:cd:f0
svc-0814.entrust-issued.example.com,443,Entrust,internal,staging,not_started,0x04:a5:ee:dd:42:b5:05:6f:ec:cb
svc-0815.entrust-issued.example.com,443,Entrust,internal,dev,not_started,0x45:b6:42:a7:0d:3d:35:c3:38:99
svc-0816.entrust-issued.example.com,443,Entrust,internal,dev,not_started,0xd5:9b:c0:e3:ba:83:a0:1d:dc:08
svc-0817.entrust-issued.example.com,443,Entrust,internal,staging,not_started,0x5c:19:dd:a2:56:8c:03:e9:04:d1
svc-0818.entrust-issued.example.com,443,Entrust,internal,staging,not_started,0x01:c7:33:f1:26:9c:60:a6:ba:9c
svc-0819.entrust-issued.example.com,443,Entrust,internal,dev,not_started,0xa1:28:4f:6c:f8:2b:6c:ea:d3:5e
svc-0820.entrust-issued.example.com,443,Entrust,internal,staging,not_started,0xa8:b3:42:6e:c5:45:6b:ca:24:00
svc-0821.entrust-issued.example.com,443,Entrust,internal,staging,not_started,0xcf:79:1d:34:10:73:9a:6c:6a:11
svc-0822.entrust-issued.example.com,443,Entrust,internal,staging,not_started,0xfc:05:8e:70:0c:45:36:50:b2:bc
svc-0823.entrust-issued.example.com,443,Entrust,internal,dev,not_started,0xc6:76:5d:a6:e6:6f:c2:11:ad:4c
svc-0824.entrust-issued.example.com,443,Entrust,internal,staging,not_started,0xee:58:ce:af:40:6e:c6:29:a1:3b
svc-0825.entrust-issued.example.com,443,Entrust,internal,staging,not_started,0x58:87:c7:62:2b:2a:e2:a8:99:b8
svc-0826.entrust-issued.example.com,443,Entrust,internal,dev,not_started,0xd4:ed:1e:6d:84:7a:a3:94:41:04
svc-0827.entrust-issued.example.com,443,Entrust,internal,dev,not_started,0x8b:22:71:bb:0c:d1:b5:72:4b:f5
svc-0828.entrust-issued.example.com,443,Entrust,internal,staging,not_started,0x60:12:ed:7f:ab:75:0a:e1:16:55
svc-0829.entrust-issued.example.com,443,Entrust,internal,staging,not_started,0x2a:36:05:be:d9:9b:39:6f:4a:e5
svc-0830.entrust-issued.example.com,443,Entrust,internal,staging,not_started,0x1e:d1:77:af:27:a9:5a:f3:40:16
svc-0831.entrust-issued.example.com,443,Entrust,internal,staging,not_started,0x09:1e:3a:2d:b4:da:6f:73:a5:58
svc-0832.entrust-issued.example.com,443,Entrust,internal,staging,not_started,0x4e:dc:a6:12:0b:c6:22:6f:dc:f1
svc-0833.entrust-issued.example.com,443,Entrust,internal,dev,not_started,0xe2:8d:9b:e2:98:bb:37:e6:09:ee
svc-0834.entrust-issued.example.com,443,Entrust,internal,dev,not_started,0x1c:0b:19:36:e6:fb:ad:a9:ad:d6
svc-0835.entrust-issued.example.com,443,Entrust,internal,dev,not_started,0xec:aa:ef:97:87:a5:ed:c1:51:07
svc-0836.entrust-issued.example.com,443,Entrust,internal,staging,not_started,0xd9:f9:d8:66:3d:ff:6e:cc:7d:c6
svc-0837.entrust-issued.example.com,443,Entrust,internal,dev,not_started,0xb3:3b:7d:41:be:a0:ff:91:89:a6
svc-0838.entrust-issued.example.com,443,Entrust,internal,staging,not_started,0x83:4e:c6:f2:dc:44:8b:35:48:0a
svc-0839.entrust-issued.example.com,443,Entrust,internal,staging,not_started,0xca:35:a0:6b:78:4c:25:3b:f8:76
svc-0840.entrust-issued.example.com,443,Entrust,internal,dev,not_started,0x2b:99:65:3b:79:d8:8e:b6:e7:8e
svc-0841.entrust-issued.example.com,443,Entrust,internal,staging,not_started,0x26:fc:06:48:30:81:2f:ef:d3:b4
svc-0842.entrust-issued.example.com,443,Entrust,internal,dev,not_started,0x51:b7:d2:fd:28:7e:3c:1c:57:28
